index,종류별,상황별,재료별,방법별,글 제목,레시피이름,조회수,조리시간,난이도,인분,재료,소개글,조리순서
34952,메인반찬,손님접대,돼지고기,굽기,등갈비 저렴하게 즐기기,등갈비,"8,278",120분 이내,중급,2인분,"[('돼지 등갈비                                                                                3kg', '2대'), ('통후추', ''), ('월계수잎', ''), ('대파', ''), ('양파', ''), ('통마늘', ''), ('발사믹식초', '7T'), ('케첩', '1/2컵'), ('진간장', '6T'), ('바베큐소스', '6T'), ('물엿', '5T'), ('매실액기스', '5T'), ('다진마늘', '4T')]",등갈비는 뜯어 먹는 재미가 있고 특유의 부드러운 맛이 일품인데요. 한번 먹으면 더 먹고 싶은 메뉴 등갈비. 오늘 고기바보가 집에서 저렴하고 맛있게 즐길 수 있는 레시피를 알려드릴께요~,"[{'step_number': 1, 'description': '등갈비는 깨끗히 씻고 찬물에 30분정도 담궈 핏물을 빼주세요. 충분히 핏물을 빼야 누린내가 안납니다~', 'image_url': 'https://recipe1.ezmember.co.kr/cache/recipe/2015/05/20/72418363054dcd18b83c06c02dabf3751.jpg'}, {'step_number': 2, 'description': '통후추, 월계수잎, 대파, 양파, 통마늘을 넣고 40분간 푹 삶아주세요~ 이때 물양은 재료들이 충분히 잠길 정도이면 됩니다! 등갈비가 삶아지는 동안 미리 소스를 준비해주세요.', 'image_url': 'https://recipe1.ezmember.co.kr/cache/recipe/2015/05/20/b3c474f84b252a177930764ccc6453391.jpg'}, {'step_number': 3, 'description': '다 삶아진 등갈비는 흐르는 물에 헹구어 준비하시고 소스가 잘 베이기 위해 등갈비 사이사이 칼집을 넣어주신 후 준비한 소스를 앞 뒤로 골고루 발라주세요. (이때 2T 정도만 소스를 남겨주세요)', 'image_url': 'https://recipe1.ezmember.co.kr/cache/recipe/2015/05/20/39aa3330837c9acd076d10d9a242f6f31.jpg'}, {'step_number': 4, 'description': '200도로 예열된 오븐 또는 후라이팬에 타지않게 뒤집어 가며 잘 구워주세요~ 중간중간 남겨둔 소스를 발라주시면 됩니다!오븐', 'image_url': 'https://recipe1.ezmember.co.kr/cache/recipe/2015/05/20/88ed1afb03b399e45b4164ddf88554d31.jpg'}, {'step_number': 5, 'description': '우리집 영양식이 완성되었습니다~ 모짜렐라 치즈를 녹여 같이 드신다면 요즘 유행하는 치즈 등갈비가 되겠죠? 매콤한 맛을 원하신다면 취향껏 소스에 청양고추 혹은 고추가루를 적당히 넣어주세요~', 'image_url': 'https://recipe1.ezmember.co.kr/cache/recipe/2015/05/20/06c5a7fcf5ae8d323d27038ca7a855cb1.jpg'}]"
34953,메인반찬,손님접대,돼지고기,굽기,돼지목살된장구이,돼지목살된장구이,"10,125",30분 이내,초급,2인분,"[('돼지목살                                                                                600그램', '1근'), ('깻잎', '20장'), ('양파', '1개'), ('된장', '4큰술'), ('유자청', '2큰술'), ('설탕', '1/2큰술'), ('청주', '2큰술'), ('다진 마늘 듬뿍', '1큰술'), ('다진 생강', '1작은술'), ('후추', '약간')]",된장과 유자청으로 맛을 낸 돼지목살된장구이입니다.,"[{'step_number': 1, 'description': '양파는 믹서에 갈아 준비, 목살은 키친타월로 핏기를 닦아 준비해서 간 양파에 20분간 재워 두세요.', 'image_url': 'https://recipe1.ezmember.co.kr/cache/recipe/2015/08/26/e890ec57c9f3a41a51400b11ec28666c1.jpg'}, {'step_number': 2, 'description': '양념장을 모두 섞어 양파에 재워둔 목살에 부어 고루 섞은 다음 2시간 이상 재워 두세요.', 'image_url': 'https://recipe1.ezmember.co.kr/cache/recipe/2015/08/26/667b6e53988fef863a94cb364560e1e81.jpg'}, {'step_number': 3, 'description': '200도로 예열한 오븐에 20분간 구워 주세요~ 약불에서 후라이팬에 올려 구우셔도 된답니다.오븐', 'image_url': 'https://recipe1.ezmember.co.kr/cache/recipe/2015/08/26/675da680640c04a89a4deead16e402a01.jpg'}, {'step_number': 4, 'description': '깻잎은 꼭지를 떼어내고 채썰어 접시에 깔고 목살을 먹기 좋은 크기로 잘라 담아내면 됩니다.', 'image_url': 'https://recipe1.ezmember.co.kr/cache/recipe/2015/08/26/45735637325b9587dc029513c929ea6b1.jpg'}]"
34954,메인반찬,손님접대,돼지고기,굽기,전통 돼지고기 요리 맥적,돼지고기맥적,"5,995",60분 이내,초급,2인분,"[('돼지목살', '800g'), ('대파(흰부분)', '1개'), ('마늘', '1큰술'), ('된장', '1.5큰술'), ('물', '2큰술'), ('국간장', '1큰술'), ('정종', '1큰술'), ('올리고당', '3큰술'), ('설탕', '1.5큰술'), ('참기름', '1큰술'), ('깨소금', '1큰술'), ('고춧가루', '약간'), ('깨소금', '약간'), ('올리고당', '약간'), ('참기름', '약간')]",구이로 사둔 돼지고기 목살이 남아있을때 요렇게 한번 만들어보세요. 색다르지만 아주 맛있는 맥적 정말 맛있답니다.,"[{'step_number': 1, 'description': '돼지고기는 목살로 1cm두께로 썰어 준비해주시구요. 잔칼집을 앞뒤로 내어 부드럽게 해주세요.', 'image_url': 'https://recipe1.ezmember.co.kr/cache/recipe/2015/08/26/73bdc35da6572cc7a479df4d377858dd1.jpg'}, {'step_number': 2, 'description': '된장양념을 하고 마늘을 넣어 양념장을 만들어주시구요.', 'image_url': 'https://recipe1.ezmember.co.kr/cache/recipe/2015/08/26/0c33d5654439ea650f00fa9280873a6e1.jpg'}, {'step_number': 3, 'description': '칼집넣은 돼지목살에 양념장을 넣고 30분정도 재워두세요. 그보다 오래 재우면 너무 연해져서 씹는맛이 없어요.', 'image_url': 'https://recipe1.ezmember.co.kr/cache/recipe/2015/08/26/8a444eaa26a7ff28d1f1b5bad62c11051.jpg'}, {'step_number': 4, 'description': '양념이 재워지는 동안 대파는 대부분으로 준비해서 5cm크기로 잘라 채썰어 찬물에 한번 씻어 파 진액을 씻어버리고 물기를 제거해주세요.', 'image_url': 'https://recipe1.ezmember.co.kr/cache/recipe/2015/08/26/c23ed9d62a823ae7cf2798d31babb6fb1.jpg'}, {'step_number': 5, 'description': '파양념을 넣어 살짝 버무려주시면 완성입니다.', 'image_url': 'https://recipe1.ezmember.co.kr/cache/recipe/2015/08/26/ada881f0b05ea1ea7e591f93ef0a43641.jpg'}, {'step_number': 6, 'description': '재워진 고기를 그릴팬에 앞뒤로 노릇하게 구워주세요. 그릴팬이 없으면 후라이팬도 좋구요. 오븐팬에 구워주셔도 좋아요. 오븐에 구우실때는 그릴기능을 이용하시면 훨씬 편리하답니다.오븐', 'image_url': 'https://recipe1.ezmember.co.kr/cache/recipe/2015/08/26/ce66280e2c7fd7d47a05b09d94f56a291.jpg'}, {'step_number': 7, 'description': '개인접시에 담은 후 먹기 좋은 크기로 썰어주세요. 파채를 위에 듬뿍 올려내시면 된답니다.', 'image_url': 'https://recipe1.ezmember.co.kr/cache/recipe/2015/08/26/95903a609dabd5c1164eac683f76c5e81.jpg'}]"
34955,메인반찬,손님접대,돼지고기,굽기,품위가 넘쳐나는 삼겹살버섯말이구이,삼겹살버섯말이구이,"3,923",30분 이내,초급,3인분,"[('삼겹살                                                                                8cm 길이', '250g'), ('새송이버섯', '3개'), ('피망', '1/2개'), ('붉은 피망', '1/2개'), ('감자', '1개'), ('양파', '1/2개'), ('소금', '조금'), ('후춧가루', '조금'), ('식물성 기름', '조금')]",고소하고 간단한 삼겹살버섯말이입니다.,"[{'step_number': 1, 'description': '삼겹살은 길고 얇게 썬다. 정육점에서 샤브샤브용으로 구입해 약 7~8cm 길이로 자른다.', 'image_url': 'https://recipe1.ezmember.co.kr/cache/recipe/2015/08/28/967d8b20ebbc644f01552d614ba090981.jpg'}, {'step_number': 2, 'description': '삼겹살에 소금과 후춧가루를 솔솔 뿌려 간한다.', 'image_url': 'https://recipe1.ezmember.co.kr/cache/recipe/2015/08/28/5adf329656f57acc41ffe86af35e9eb41.jpg'}, {'step_number': 3, 'description': '새송이는 길이로 반 자른 후 다시 길이로 2~3등분 한다. 피망은 새송이 길이에 맞게 자르고, 감자와 양파는 동그란 모양으로 도톰하게 썬다.', 'image_url': 'https://recipe1.ezmember.co.kr/cache/recipe/2015/08/28/9fbaf649d19a63b663eaaeb4b9266aaf1.jpg'}, {'step_number': 4, 'description': '썰어 놓은 버섯, 피망을 한 개씩 삼겹살위에 올려 돌돌 만다.', 'image_url': 'https://recipe1.ezmember.co.kr/cache/recipe/2015/08/28/38d03f33fe8281e913e2a220d16e09b71.jpg'}, {'step_number': 5, 'description': '달구어진 팬에 식용유 조금만 두르고 감자와 양파를 넣고 삼겹살말이를 넣어 노릇하게 구워낸다. 쌈장이나 된장에 잘 어울리고 과일 소스에도 제격이니 식성에 맞는 소스를 곁들인다.', 'image_url': 'https://recipe1.ezmember.co.kr/cache/recipe/2015/08/28/879f6c9f4446ad95ab55a9ec754784f51.jpg'}]"
34956,메인반찬,손님접대,돼지고기,굽기,돼지고기 바베큐 채소말이,돼지고기채소말이,"7,500",30분 이내,아무나,3인분,"[('돼지고기 바베큐', '200g'), ('새송이', '2송이'), ('백일송이', '1팩'), ('당근', ''), ('어린잎채소', ''), ('달래', '약간'), ('마요네즈', '2숟가락'), ('머스터드', '2숟가락'), ('식초', '1숟가락'), ('검은깨', '약간')]",채소를 먹기 싫어하는 아이를 위한 돼지고기 바베큐 채소말이입니다.,"[{'step_number': 1, 'description': '백일송이는 깨끗하게 씻어 소금, 후추에 살짝 볶아준다. 여린채소와 다래도 씻어 물기를 빼 둔다.', 'image_url': 'https://recipe1.ezmember.co.kr/cache/recipe/2015/06/02/6294fbd95658921017b72f39ed00b0e71.jpg'}, {'step_number': 2, 'description': '돼지고기 바베큐를 구워낸다.', 'image_url': 'https://recipe1.ezmember.co.kr/cache/recipe/2015/06/02/31d067dcadfbffcb526023024c0729461.jpg'}, {'step_number': 3, 'description': '새송이는 잘라 소금, 후추를 뿌려 구워낸다.', 'image_url': 'https://recipe1.ezmember.co.kr/cache/recipe/2015/06/02/00a893353e8732620822f589b27c32131.jpg'}, {'step_number': 4, 'description': '구워 낸 돼지고기 바베큐와 새송이에 백일송이, 당근, 여린채소, 달래를 넣고 돌돌 말아주면 완성된다.', 'image_url': 'https://recipe1.ezmember.co.kr/cache/recipe/2015/06/02/b7614f63a745d1807e94cd5d258ced2c1.jpg'}, {'step_number': 5, 'description': '마요네즈 2숟가락, 머스터드 2숟가락, 식초 1숟가락, 검은깨 약간을 넣어 소스를 만들어 준다.', 'image_url': 'https://recipe1.ezmember.co.kr/cache/recipe/2015/06/02/f03291f189e515fa451b67d93370184a1.jpg'}]"
34957,메인반찬,손님접대,돼지고기,굽기,와인포도돼지고기비프구이,돼지고기구이,"2,622",30분 이내,초급,2인분,"[('돼지등심', ''), ('레드와인', ''), ('각종생야채', ''), ('델라웨어포도', ''), ('간장', '1큰술'), ('우스터소스', '2큰술'), ('황설탕', '2큰술'), ('적포도주', '2큰술'), ('토마토페이스트                                                                                or케첩', '1큰술'), ('후춧가루', '약간'), ('레몬즙', '약간'), ('우유', '1000ml'), ('레몬즙', '1큰술'), ('식초', '1작은술'), ('소금', '약간')]","집에서 즐기는 고급레스토랑 스타일~
이국적인 브런치요리~
고기구이와 샐러드에 홈메이드 치즈까지....","[{'step_number': 1, 'description': '국내산 돼지고기 등심불고기는 레드와인을 부어 밀폐용기에 담아서 충분히 재워줍니다\n(저는 이렇게 그냥 와인이 부어서 냉장고에 하루정도 두었어요)', 'image_url': 'https://recipe1.ezmember.co.kr/cache/recipe/2016/03/20/7c39589b637faa03d62660021747a2101.jpg'}, {'step_number': 2, 'description': '우유를 냄비에 부어주고 팔팔 끓여 줍니다', 'image_url': 'https://recipe1.ezmember.co.kr/cache/recipe/2016/03/20/50b0ce5207826092ed7be60362add6751.jpg'}, {'step_number': 3, 'description': '레몬즙와 식초를 준비하여 팔팔 끓고 있는 우유에 부어줍니다\n금방 응고가 되면 면보에 부어준후 소금을 넣고 살짝 섞은후 수분을 완전히 빼줍니다\n(이렇게 만든 치즈는 바로 먹어도 좋고, 냉장고에 넣어 살짝 굳혀서 썰어 드시면 좋아요)', 'image_url': 'https://recipe1.ezmember.co.kr/cache/recipe/2016/03/20/6f28c6ff43d1440ce1709b2629e374711.jpg'}, {'step_number': 4, 'description': '적양배추, 배추, 파프리카는 손질후 깨끗이 씻어서 채썰어 줍니다\n(이 외에도 생야채는 무엇이든지 다 좋아요)양배추 손질법 레시피', 'image_url': 'https://recipe1.ezmember.co.kr/cache/recipe/2016/03/20/3854cbfa92c6ec06dad73b8267518d821.jpg'}, {'step_number': 5, 'description': '델라웨어 포도 한송이를 포도알만 떼어서 씻어서 준비합니다', 'image_url': 'https://recipe1.ezmember.co.kr/cache/recipe/2016/03/20/9ddbfd03d4de657073c90ebc8e03a89a1.jpg'}, {'step_number': 6, 'description': '팬에 레드와인에 재워둔 돼지고기를 넣고 비프소스와 델라웨어포도를 넣고 조리듯이 구워줍니다\n그리고 다 구워지면 돼지고기는 먹기 좋은 크기로 가위로 잘라줍니다\n(비프소스)\n간장 1큰술, 우스터소스.황설탕 2큰술씩, 적포도주 2큰술, \n토마토페이스트 혹은 케첩 1큰술, 후춧가루 약긴, 레몬즙 약간\n레몬즙을 제외한 모든 재료를 넣고 끓여준다\n걸쭉한 느낌이 들면 불을 끄고 레몬즙을 넣어 섞은후 잘 식혀준다\n(많이 만들어서 밀폐유리용기에 담아서 냉장보관하면 오래도록 먹을수 있어요\n스테이프요리의 소스로 사용하고, 각종 볶음이나, 조림에 넣어서 사용해도 좋아요\n여러가지 돈가스나 튀김의 소스로도 참 좋지요)', 'image_url': 'https://recipe1.ezmember.co.kr/cache/recipe/2016/03/20/d6d721efb1365c4c59baeee20a98a9e91.jpg'}, {'step_number': 7, 'description': '돼지고기도 소고기 못지 않게 일품구이요리가 될수 있답니다\n레드와인에 미리 재워두고, 또 비프소스와 포도를 넣어 같이 구웠더니 \n향도 참 좋고, 와인과 포도맛이 배어서 더욱 상큼하고 고급스런 고기구이요리가 되었어요\n여기에 직접 만든 치즈를 곁들이니 담백하면서 고소하고 고기와 아주 잘 어울려요\n이런 고기구이요리엔 야채가 빠질수 없지요... 집에 있는 생야채와 같이 드시면 더욱 좋을것 같아요^^', 'image_url': 'https://recipe1.ezmember.co.kr/cache/recipe/2016/03/20/9e23817533515e439cff4aaf819ef5f91.jpg'}]"
34958,메인반찬,손님접대,돼지고기,굽기,매운 등갈비 연말 메뉴,등갈비,"7,854",60분 이내,중급,2인분,"[('등갈비', '600g'), ('대파', '1쪽'), ('양파', '1/2개'), ('통후추', '약간'), ('생강가루', '약간'), ('청주', '2큰술'), ('생강', '1쪽'), ('고추장', '1T'), ('케첩', '1T'), ('고춧가루', '1T'), ('다진 마늘', '0.5T'), ('굴 소스', '1T'), ('간장', '0.5T'), ('설탕', '0.5T'), ('맛술', '2T'), ('조청', '1T'), ('생강                                                                                채 썰어서', '1/2T'), ('물                                                                                50ml', '1/4컵')]",양손으로 잡고 야무지게 뜯어서 밥이랑 냠냠~ 술 좋아하시는 분들은 술안주로 딱!이예요.,"[{'step_number': 1, 'description': '핏물을 충분히 빼줘야 냄새가 나지 않아요 1시간~1시간 30분 정도 찬물에서 물을 중간에 두 번 정도 갈아줬어요 양이 많아지면 시간이 더 오래 걸리겠죠', 'image_url': 'https://recipe1.ezmember.co.kr/cache/recipe/2015/12/29/34123e4e5e46e48db189ffa0f170af1d1.jpg'}, {'step_number': 2, 'description': '고추장 1T, 케첩 1T, 고춧가루 1T, 다진 마늘 0.5T 굴 소스 1T, 간장 0.5T, 설탕 0.5T, 맛술 2T, 조청 1T 생강 1/2(채 썰어서), 물 1/4컵(50ml) 생강이 없으면 생강가루로~ 전 생강가루 넣었어요', 'image_url': 'https://recipe1.ezmember.co.kr/cache/recipe/2015/12/29/89aa3b38727755c98374b2479cb9f56d1.jpg'}, {'step_number': 3, 'description': '대파, 양파, 통후추, 생강가루, 청주 2 큰 술을 넣고 등갈비를 삶아 줬어요', 'image_url': 'https://recipe1.ezmember.co.kr/cache/recipe/2015/12/29/64a878b40ecceebee52b55f147e197671.jpg'}, {'step_number': 4, 'description': '20분 정도 삶아 주세요. (물이 끌고 나서 고기를 넣어야 육즙이 덜 빠져나가요.)', 'image_url': 'https://recipe1.ezmember.co.kr/cache/recipe/2015/12/29/34a5c449176d0cd78eedb1c4bac8e1c91.jpg'}, {'step_number': 5, 'description': '삶은 고기를 깨끗이 물에 씻어 전분가루를 넣고 라면 봉지 흔들듯 흔들어 주세요.', 'image_url': 'https://recipe1.ezmember.co.kr/cache/recipe/2015/12/29/a7b7a3c50c20b5876082c5c8c5a791b41.jpg'}, {'step_number': 6, 'description': '기름을 두른 팬에 노릇노릇 등갈비를 구워주시면 돼요', 'image_url': 'https://recipe1.ezmember.co.kr/cache/recipe/2015/12/29/b69552f76a1a43079ab1f9c52916ff5f1.jpg'}, {'step_number': 7, 'description': '미리 만들어둔 소스를 중불 1분 정도 후 약불에서 등갈비에 소스가 잘 묻혀 더 구워 주심 돼요', 'image_url': 'https://recipe1.ezmember.co.kr/cache/recipe/2015/12/29/86419cfccb185bd7bf1ccf1dde03b9581.jpg'}]"
34959,메인반찬,손님접대,돼지고기,굽기,"집밥 백선생의 목살카레스테이크 만들기, 초간단 목살스테이크 요리",카레목살스테이크,"11,243",15분 이내,아무나,4인분,"[('돼지고기목살', '300g'), ('양파', '2개'), ('감자', '2개'), ('당근', '1개'), ('카레가루', '1봉'), ('소금', ''), ('후추', '')]","백종원의 목살카레스테이크는 기존 카레랑은 또 완전 느낌이나 맛이 다르다길래 에이, 그래봤자 카레지~ 했었는데 신랑이 목살도 먹고 싶고 카레도 먹고 싶다길래 급 목살카레스테이크가 생각나서 한 번 만들어봤어요. 

카레 만드는것과 별반 다를게 없는데 기존 카레보다 훨씬 맛도 있고 분위기도 나거든요. 앞으로는 이렇게 카레 만들 것 같아요","[{'step_number': 1, 'description': '돼지고기 목살에 소금+후추 또는 스테이크용 시즈닝을 사용해서 고기에 살짝 간을 해주세요.', 'image_url': 'https://recipe1.ezmember.co.kr/cache/recipe/2016/01/07/dbf5b95c2d9f0e5b6b01294d186986831.jpg'}, {'step_number': 2, 'description': '카레에 채소 넣을때는 깍둑썰기를 좀 잘게 하는데 백종원 목살카레스테이크에 들어가는 채소들은 큼지막하게 다듬어주세요. 양파만 두껍게 채 쳐주세요.', 'image_url': 'https://recipe1.ezmember.co.kr/cache/recipe/2016/01/07/a18048773d99bbe3a3d58079001ce9411.jpg'}, {'step_number': 3, 'description': '시즈닝 된 목살을 구울건데요. 겉이 바싹, 이렇게 구워도 되나? 타지 않나 싶을 정도로 구워주는게 포인트예요.', 'image_url': 'https://recipe1.ezmember.co.kr/cache/recipe/2016/01/07/88bc38920800afae2363fc36edad6cba1.jpg'}, {'step_number': 4, 'description': '어느정도 바싹 구워졌다 싶으면 양파도 타기 직전까지 카라멜화 시켜주시는데요. 양파가 워낙에 금새 익기 때문에 고기를 어느정도 바싹 익힌 후 구워주시는게 좋아요.', 'image_url': 'https://recipe1.ezmember.co.kr/cache/recipe/2016/01/07/37cc509e0058c4972383a663f24b8a321.jpg'}, {'step_number': 5, 'description': '이렇게 양파가 갈색빛이 되었을 때, 이것보다 조금 더 익어도 된다는데 괜히 불안해서 저는 이 정도 하고 다음 단계 진행해줬어요.', 'image_url': 'https://recipe1.ezmember.co.kr/cache/recipe/2016/01/07/7bc4300b4355c1f385bf49717a803ef11.jpg'}, {'step_number': 6, 'description': '고기와 양파가 탈듯 말듯 익었으면 깍둑썰기 한 감자와 당근을 넣어주세요.', 'image_url': 'https://recipe1.ezmember.co.kr/cache/recipe/2016/01/07/06a9182abd0528799f0e409e33067edc1.jpg'}, {'step_number': 7, 'description': '고기와 양파가 탈듯 말듯 익었으면 깍둑썰기 한 감자와 당근을 넣어주세요.', 'image_url': 'https://recipe1.ezmember.co.kr/cache/recipe/2016/01/07/8b4d839d119e46d35af08136dbc744001.jpg'}, {'step_number': 8, 'description': '백종원 아저씨는 고체 카레를 넣었다고 하던데 저는 한국에서 나오는 카레 중 제일 베스트라고 생각하는 청정원 카레여왕으로 넣었어요.', 'image_url': 'https://recipe1.ezmember.co.kr/cache/recipe/2016/01/07/704f56d8f88ddfac50abcd936a0e12f71.jpg'}, {'step_number': 9, 'description': '카레가루를 넣을 땐 여러 번에 나눠서 잘 풀어서 넣어주시는게 좋아요. 친정엄마는 카레가루를 물에 풀어서 넣어주시던데 요새 나오는 제품들은 그렇게 안해도 잘 녹더라구요.', 'image_url': 'https://recipe1.ezmember.co.kr/cache/recipe/2016/01/07/09f9ffb1c894b2f7368de2d4d0b987b81.jpg'}]"
34960,메인반찬,손님접대,돼지고기,굽기,유자소스로 맛을 낸 등갈비 구이,None,"1,345",None,None,None,"[('한돈 등갈비', '1대'), ('샐러리', '1/4대'), ('양파', '1/4개'), ('마늘', '2쪽'), ('바비큐소스', '2T'), ('적포도주', '1T'), ('올리브오일', '2T'), ('후추', '약간'), ('소금', '약간'), ('바비큐소스', '1/2C'), ('토마토케찹', '2T'), ('유자청', '3T'), ('칠리소스', '1T'), ('청양고추가루', '1/2t')]",,[]
34961,메인반찬,손님접대,돼지고기,굽기,"여름보양식, 대나무통 삼겹살구이",대나무통삼겹살구이,"4,074",90분 이내,아무나,2인분,"[('통삼겹살', '2근'), ('통마늘', ''), ('대나무통', '')]",초복을 일주일 앞둔 지난 주말 엄마께 맛있는 대나무통 삼겹살구이를 해드렸어요 ​ ​올해 ​초복이 엄마 생신이신데 그날은 형제들끼리 모여 밖에서 식사할 거라 여름보양식도 겸하면서 생신 상차림겸 겸사겸사 집에서 별식을 준비했네요식당에서나 맛볼 수 있는 대나무통 상차림을 집에서 하니 별 것은 아니지만 멋스러운 게 괜찮더라고요 ​ ​​대나무향이 생각만큼 진하진 않았지만 육질과 그 맛은 확실히 달라요!!!,"[{'step_number': 1, 'description': '세척한 대나무통에 통삼겹살 2덩어리와 통마늘을 넣는다.', 'image_url': 'https://recipe1.ezmember.co.kr/cache/recipe/2016/07/19/d269d0f38477a7d76963ba6a4fb0acf01.jpg'}, {'step_number': 2, 'description': '마끈으로 묶고 쿠킹호일로 감싸서 오븐에 넣는다.오븐', 'image_url': 'https://recipe1.ezmember.co.kr/cache/recipe/2016/07/19/d1d50fe592906a1e0a9343efbee640101.jpg'}, {'step_number': 3, 'description': '210도로 30분, 추가로 220도 40분 가열한다. 처음하는 것이라 일단 30분 구이 후 상태를 보고 추가로 40분 더 구웠어요', 'image_url': 'https://recipe1.ezmember.co.kr/cache/recipe/2016/07/19/54a35acf79d72acbf03b06cf14ad72fc1.jpg'}, {'step_number': 4, 'description': '여분의 기름제거를 위해 달군 팬에 삼겹살의 사면을 골고루 노릇노릇하게 굽는다.', 'image_url': 'https://recipe1.ezmember.co.kr/cache/recipe/2016/07/19/9f4bf4ffc70e7092a35b0a803f433def1.jpg'}, {'step_number': 5, 'description': '통삼겹살을 먹기 좋게 한입크기로 썰어 대나무통에 담아낸다.', 'image_url': 'https://recipe1.ezmember.co.kr/cache/recipe/2016/07/19/18f7978355abae84e1e1f8a70da9091b1.jpg'}, {'step_number': 6, 'description': '돼지고기와 새우젓은 최고의 궁합을 자랑하죠 새우젓에 고춧가루와 청양고추 송송 썰어 넣고 냉동실에 미리 만들어 얼려두었던 대통밥 다시 쪄내어 각종 쌈채소와 함께 상차림을 했어요', 'image_url': 'https://recipe1.ezmember.co.kr/cache/recipe/2016/07/19/be468eb1cba767ce56edcdb343e8f62e1.jpg'}]"
34962,메인반찬,손님접대,돼지고기,굽기,백종원 목살 스테이크 만들기 했어요,목살스테이크,"7,361",30분 이내,아무나,2인분,"[('목살', '2장'), ('통마늘', '7개'), ('버터', '2큰술'), ('밀가루', '약간'), ('소금', '약간'), ('후추', '약간'), ('식용유', '적당량'), ('계란', '1개'), ('샐러드채소', '약간'), ('양파', '1/2개'), ('캐첩', '2큰술'), ('간장', '1큰술'), ('설탕', '1큰술'), ('식초', '1큰술'), ('물', '1/2컵')]","저번에 브런치 카페에서 먹었던 목살 
스테이크가 생각나서 만들어볼까 해요

 백주부님 인기 레시피 ~
항상 하던 방식과 조금 다른 
백종원 목살 스테이크로 도전해봅니다

스테이크에 케첩 소스가 얼마나 어울릴까 싶어서
그냥 생각만 했었는데 만들고 나니
잘했다 싶을 정도로 맛있는 시간이었어요
그럼 시작해볼게요","[{'step_number': 1, 'description': '맛술 2 큰 술을 넣어주고\n돼지고기 특유의 잡내를 잡아주세요\n칼집 내어 내어주는데요\n☞고기가 익으면서 줄어드는 것을\n보완해주기도 하고 부드러운 식감주기위해서에요\n소금, 후추로 밑간해줍니다', 'image_url': 'https://recipe1.ezmember.co.kr/cache/recipe/2017/04/14/11fd1cb8f9dc46c30e25acd6dd82dcd51.jpg'}, {'step_number': 2, 'description': '적당히 맛이 들 정도로 시간이 흐름\n밀가루로 꼼꼼히 옷을 입혀주세요\n☞양념도 잘 베이고 육즙을 지켜준다고 해요', 'image_url': 'https://recipe1.ezmember.co.kr/cache/recipe/2017/04/14/198ca853f744a8e982b47a64bb9177d81.jpg'}, {'step_number': 3, 'description': '식용유를 넉넉히 두르고 목살과 통마늘을\n중약불에서 익혀주세요\n☞백종원 목살 스테이크는 두꺼운 목살을 약불에서\n속까지 천천히 익혀주는 것이 \n중요한 포인트라고 해요\n불이 너무 세면 속은 익지 않고 겉만 탄다고해요', 'image_url': 'https://recipe1.ezmember.co.kr/cache/recipe/2017/04/14/16667c3fb810ad945ffc82b3024f501b1.jpg'}, {'step_number': 4, 'description': '핏물이 보이면 \n뒤집어주고\n앞뒤로 노릇노릇 익혀주세요', 'image_url': 'https://recipe1.ezmember.co.kr/cache/recipe/2017/04/14/3f7b1d991ebfc82a38a0be2a2632504c1.jpg'}, {'step_number': 5, 'description': '기름을 한번 닦아주고 버터 1 큰 술을 녹여 버터향이\n맴돌게 구워주세요', 'image_url': 'https://recipe1.ezmember.co.kr/cache/recipe/2017/04/14/4ae21c2b4a3d1c0c0f6eedc0f8c9d1de1.jpg'}, {'step_number': 6, 'description': '통마늘과 함께 맛있게 \n버터 향도 솔솔~', 'image_url': 'https://recipe1.ezmember.co.kr/cache/recipe/2017/04/14/7101ec858f82e4c6204b4d33e0891c941.jpg'}, {'step_number': 7, 'description': '분량의 양념을 넣고 끓여주기 시작해요\n새콤달콤 양념에 방금 구운 목살을 넣어 맛있게\n조려주세요', 'image_url': 'https://recipe1.ezmember.co.kr/cache/recipe/2017/04/14/e6b732fbcac26a72d741717a9ecfd64a1.jpg'}, {'step_number': 8, 'description': '밀가루 옷이 벗겨지지 않게 소스를 끼얹으듯\n올려주면 골고루 간이 잘베어 좋을거 \n같아요\n후추 톡.톡.~\n맛있는 목살스테이크\n완성이에요', 'image_url': 'https://recipe1.ezmember.co.kr/cache/recipe/2017/04/14/2c5106e2db17bdb804eb7ba530696abe1.jpg'}]"
34963,메인반찬,손님접대,돼지고기,굽기,카레목살스테이크,카레목살스테이크,"4,727",60분 이내,중급,2인분,"[('목살', ''), ('감자', ''), ('당근', ''), ('양파', ''), ('카레 (고체카레)', ''), ('소금', ''), ('후추', '')]","간단한 방법으로 카레라이스를 고급스럽게 먹을수 있는 방법으로 이만한게 없어요. 손님 대접에도 좋은 음식, 바로 카레목살스테이크입니다. 고기를 구워 소스대신 카레를 휘리릭 뿌리면 고기에 카레소스가 쏙쏙 들어가 매콤달콤담백하답니다. 보너스로 노오란 계란을 툭! 올려주면 그야말로 금상첨화예요.","[{'step_number': 1, 'description': '먼저 목살은 소금과 후추로 밑간을 해서 준비해주세요.', 'image_url': 'https://recipe1.ezmember.co.kr/cache/recipe/2016/01/21/afe836af6ee02b76f86d604e8d03df2b1.jpg'}, {'step_number': 2, 'description': '감자랑 당근.양파는 먹기좋게 썰어 준비해주시구요.', 'image_url': 'https://recipe1.ezmember.co.kr/cache/recipe/2016/01/21/111f4d1e74f9eba3a18d337ef035d1441.jpg'}, {'step_number': 3, 'description': '먼저 냄비에 밑간을 한 목살을 넣어 노릇노릇하게 구워주세요.', 'image_url': 'https://recipe1.ezmember.co.kr/cache/recipe/2016/01/21/90d8c8fa94951403926ca159b34334d61.jpg'}, {'step_number': 4, 'description': '고기가 어느정도 노릇하게 구워지면 양파도 넣어 같이 구워주시고', 'image_url': 'https://recipe1.ezmember.co.kr/cache/recipe/2016/01/21/af751bb710ab07b94828f8f08262abb81.jpg'}, {'step_number': 5, 'description': '저는 저번에 먹고 남은 고체카레를 이번에도 이용했어요! 확실히 카레가루보단 고체카레가 더 맛있는것 같더라구요.', 'image_url': 'https://recipe1.ezmember.co.kr/cache/recipe/2016/01/21/458c9d0ec75f3b7c118ef34997086cce1.jpg'}, {'step_number': 6, 'description': '고기와 양파가 어느정도 구워지면 물 2컵과 당근.감자도 넣어 보글보글 끓여주세요.', 'image_url': 'https://recipe1.ezmember.co.kr/cache/recipe/2016/01/21/bbc7b6b0b9d7f671814555e2c7ead5761.jpg'}, {'step_number': 7, 'description': '야채가 다 익을때까지~ 졸여주시구 짜면 물을, 싱거우면 카레를 더 넣어주면서 간을 맞추면 될것 같아요. 그릇에 담아 계란후라이까지 하나씩 올려주니 너무 먹음직스러운 카레스테이크가 되었습니다.', 'image_url': 'https://recipe1.ezmember.co.kr/cache/recipe/2016/01/21/4282c280f86cad3cd139074aa825a3b71.jpg'}]"
34964,메인반찬,손님접대,돼지고기,굽기,[요리] 사랑하는 사람과 먹으면 더 맛있는 목살스테이크 만들기~!!,목살스테이크,"6,287",60분 이내,초급,2인분,"[('돼지고기목살', '3장'), ('굴소스', '2T'), ('간장', '3T'), ('발효액', '5T'), ('토마토소스', '3T'), ('느타리버섯', '1줌'), ('양파', '1/2개'), ('후추', '약간')]","사랑하는 사람과 먹으면 더 맛있는
목살스테이크를 만들어보았습니다.
식탁히 화려해지는 목살스테이크 한번 시도해보세용~~","[{'step_number': 1, 'description': '오늘의 재료랍니다. 목살은 두툼한 걸로\n준비해주세요~!!', 'image_url': 'https://recipe1.ezmember.co.kr/cache/recipe/2016/02/22/4b0ab872c58c154a73e6ca50cdae86531.jpg'}, {'step_number': 2, 'description': '목살은 칼집을 내어 양념이 잘 밸 수 있도록 해줍니다.', 'image_url': 'https://recipe1.ezmember.co.kr/cache/recipe/2016/02/22/5be135efb5d0c18d4828afebdb823bda1.jpg'}, {'step_number': 3, 'description': '칼집을 낸 목살에 통후추를 뿌려주고', 'image_url': 'https://recipe1.ezmember.co.kr/cache/recipe/2016/02/22/2ac3d1a91f031acdbe9974a4881192021.jpg'}, {'step_number': 4, 'description': '소금도 뿌려 밑간을 해줍니다.목살에 밑간을 해주었으면\n이제 스테이크의 맛을 결정하는\n스테이크양념을 만들어보아요!!!', 'image_url': 'https://recipe1.ezmember.co.kr/cache/recipe/2016/02/22/92eaacd56fdee2b9e876b8a8e081063d1.jpg'}, {'step_number': 5, 'description': '목살에 밑간을 해주었으면\n이제 스테이크의 맛을 결정하는\n스테이크양념을 만들어보아요!!!', 'image_url': 'https://recipe1.ezmember.co.kr/cache/recipe/2016/02/22/8cc7525b0271cab3e220bf32c01d35b81.jpg'}, {'step_number': 6, 'description': '발효액 5T에 간장 3T를 넣고 \n잘섞어준 후 \n지난 여름에 텃밭에서 수확해 \n진공포장한 토마토조림을 \n3T넣어주었답니다.\n토마토조림이 없으면 시중에서 \n파는 케찹을 이용하면 된답니다.', 'image_url': 'https://recipe1.ezmember.co.kr/cache/recipe/2016/02/22/ba20056e7b9f20ba8ffa8d77fd3d6b851.jpg'}, {'step_number': 7, 'description': '간장 발효액 토마토소스를 넣은 양념장에\n굴소스 2T를 넣어줍니다.\n그리고 마지막으로 물 5T를 넣어주세요.\n이 스테이크소스 양념 비율은\n기호에 따라 가감하면 된답니다.', 'image_url': 'https://recipe1.ezmember.co.kr/cache/recipe/2016/02/22/0d3d3d2c8142b7f7ae7ce735ed2f3d8f1.jpg'}, {'step_number': 8, 'description': '간장, 굴소스, 발효액, 토마토소스가\n들어간 스테이크양념은 \n후라이팬에서 조려주세요~', 'image_url': 'https://recipe1.ezmember.co.kr/cache/recipe/2016/02/22/189ce159bf378c7adf22ba8d1e6283681.jpg'}, {'step_number': 9, 'description': '그리고 이제 스테이크에 들어갈 \n야채들을 볶아줍니다.\n브롱마눌 냉파(냉장고 파먹기 프로젝트)를 진행중이기에 ㅋㅋㅋ\n양파와 냉장고에서 잠자고 있던 \n느타리버섯 반팩을 아낌없이 넣었답니다.', 'image_url': 'https://recipe1.ezmember.co.kr/cache/recipe/2016/02/22/f58e5b82f333f3212c5c1d2a9abe3c141.jpg'}, {'step_number': 10, 'description': '목살 스테이크에 곁들여질\n야채를 재빨리 볶고 나 후 \n목살을 익혀줍니다.', 'image_url': 'https://recipe1.ezmember.co.kr/cache/recipe/2016/02/22/a12831ca383385da5eb55a09c74bcdc81.jpg'}, {'step_number': 11, 'description': '목살이 살짝 익으면 아까 만들어 두었던 스테이크 소스를 부어주세요~', 'image_url': 'https://recipe1.ezmember.co.kr/cache/recipe/2016/02/22/3db34bd1bd9b1b623d82b4ba269f19891.jpg'}, {'step_number': 12, 'description': '지글지글~~\n약한 불로 놓고 목살에 스테이크 소스가 잘 배어들 수 있도록 해줍니다.\n스테이크 소스 냄새가 ㅎㅎ\n집안에 퍼지며 뱃속은 이미\nㅋㅋㅋ 요동을 칩니다.', 'image_url': 'https://recipe1.ezmember.co.kr/cache/recipe/2016/02/22/aeb92394ee74afefd563f20e3c81db621.jpg'}, {'step_number': 13, 'description': '집에 있는 과일도 곁들여주면 보기에 좋답니다.', 'image_url': 'https://recipe1.ezmember.co.kr/cache/recipe/2016/02/22/d64ad341e3ba87b1489f472e17ca896c1.jpg'}, {'step_number': 14, 'description': '다양한 과일과 채소들을 곁들이면 먹기도 좋고 보기도 좋답니다.', 'image_url': 'https://recipe1.ezmember.co.kr/cache/recipe/2016/02/22/38e5a5921d8cb25f0d7f4c6c466868161.jpg'}]"
34965,메인반찬,손님접대,돼지고기,굽기,대패부추말이 간단하고 맛있어,대패삼겹살부추말이,"12,407",30분 이내,아무나,2인분,"[('대패삼겹살', '15개'), ('부추', '1/2단'), ('양파', '1개'), ('데리야끼소스', '10T'), ('겨자소스', '1/2T')]","마트에 우연히 들렸다가 대패삼겹살을 샀어요 
집에 있는 부추를 돌돌 말아서 구워봤더니~ 너무 맛있더라고요 이 맛있는 레시피를 공유하고 싶었어요 
만드는 방법도 간단해서 손님초대상으로 내놓기에도 좋겠더라고요 간단하게 술안주로도 좋을것 같고요","[{'step_number': 1, 'description': '양파는 껍질을 벗긴채 링모양으로 썰어주세요 얇게 썰어주는게 좋습니다 소스에 같이 곁들여 먹을거라서요', 'image_url': 'https://recipe1.ezmember.co.kr/cache/recipe/2016/08/23/9361c6448bcf8ca014665c931e6b81be1.jpg'}, {'step_number': 2, 'description': '양파의 매운맛을 없애고 아삭함을 살리기위해 찬물에 10분정도 담궈줍니다', 'image_url': 'https://recipe1.ezmember.co.kr/cache/recipe/2016/08/23/a04574bd3ea5acd9438f3cbff30c1cf81.jpg'}, {'step_number': 3, 'description': '부추는 대패길이에 맞춰 썰어줍니다 \n5cm간격으로 썰어주니깐 적당하더라고요', 'image_url': 'https://recipe1.ezmember.co.kr/cache/recipe/2016/08/23/ea49ccbcad2d4e5712aebad1152b56971.jpg'}, {'step_number': 4, 'description': '도마위에 대패를 펴줍니다', 'image_url': 'https://recipe1.ezmember.co.kr/cache/recipe/2016/08/23/00516ba31d509e9a150ee64198c008d21.jpg'}, {'step_number': 5, 'description': '길게 편 대패 위에 부추를 올려줍니다', 'image_url': 'https://recipe1.ezmember.co.kr/cache/recipe/2016/08/23/eee8cedc5d33b586cf21e1cceee1d04e1.jpg'}, {'step_number': 6, 'description': '그리고 돌돌돌 말아줍니다 \n이렇게 나머지 대패들도 돌돌돌 말아주세요', 'image_url': 'https://recipe1.ezmember.co.kr/cache/recipe/2016/08/23/a7144146a57c97076ad676c5da2ac6141.jpg'}, {'step_number': 7, 'description': '이게 제가 다 돌돌 만 대패부추말이입니다.', 'image_url': 'https://recipe1.ezmember.co.kr/cache/recipe/2016/08/23/dbb032a9268a9453e7606254f2d1ef441.jpg'}, {'step_number': 8, 'description': '데리야끼소스10T를 접시에 담아줍니다 (제가 만든 데리야끼소스입니다) 시판용 데리야끼 소스라면 양을 조절하세요', 'image_url': 'https://recipe1.ezmember.co.kr/cache/recipe/2016/08/23/bd97b2f0ec7a65c94e5b4d860b781cc91.jpg'}, {'step_number': 9, 'description': '연겨자 0.5T를 넣어줍니다', 'image_url': 'https://recipe1.ezmember.co.kr/cache/recipe/2016/08/23/fba2c0ee3f4fe1fe93af83fda67462a21.jpg'}, {'step_number': 10, 'description': '데리야끼소스에 연겨자를 곱게 풀어줍니다', 'image_url': 'https://recipe1.ezmember.co.kr/cache/recipe/2016/08/23/f9ca0c07629744b00dfe0f162c41418c1.jpg'}, {'step_number': 11, 'description': '미리 찬물에 담궈두었던 양파링을 올려줍니다', 'image_url': 'https://recipe1.ezmember.co.kr/cache/recipe/2016/08/23/d239073fc28f02a92bdbf1f6d980ffff1.jpg'}, {'step_number': 12, 'description': '달군 팬 위에 돌돌 말았던 대패를 올려서 굽습니다 불은 중불 혹은 약불에 천천히 익혀주세요 센불에 하시면 타버려요', 'image_url': 'https://recipe1.ezmember.co.kr/cache/recipe/2016/08/23/fcd2f97546eb784b896c3c4edefda40e1.jpg'}, {'step_number': 13, 'description': '살살 굴려가면서 앞뒤로 노릇하게 익혀주세요', 'image_url': 'https://recipe1.ezmember.co.kr/cache/recipe/2016/08/23/fa2f80056e5b72fbea1da999fcfeb4821.jpg'}, {'step_number': 14, 'description': '완성된 대패부추말이는 양파소스에 찍어서 드시면 됩니다^^', 'image_url': 'https://recipe1.ezmember.co.kr/cache/recipe/2016/08/23/7199e00207c9d72bc2723431bfadb8f91.jpg'}]"
34966,메인반찬,손님접대,돼지고기,굽기,목살스테이크 집에서 쉽게 만들기,목살스테이크,"14,588",30분 이내,아무나,1인분,"[('목살', ''), ('각종채소', ''), ('돈가스 소스', '2T'), ('우스터소스', '2T'), ('굴 소스', '0.5T'), ('간장', '1T'), ('올리고당', '2T'), ('물', '5T')]",9월은 지출할 일이 많으니깐 집에서 외식 분위기 내기 ♪,"[{'step_number': 1, 'description': '목살은 스테이크용으로 도톰하게 준비해주세요 허브 솔트와 맛술로 밑간을 해줬어요 (후추+소금으로 가능)', 'image_url': 'https://recipe1.ezmember.co.kr/cache/recipe/2016/08/30/3c94cf13df72f8361051dc14cf53ebf71.jpg'}, {'step_number': 2, 'description': '우스터소스가 없을 경우 간장 1, 케첩 1, 설탕 1, 식초 0.5로 대체하셔도 돼요', 'image_url': 'https://recipe1.ezmember.co.kr/cache/recipe/2016/08/30/81c79e95eb32dfbdedbacce7b76227d41.jpg'}, {'step_number': 3, 'description': '목살을 노릇노릇하게 잘 구워 주세요', 'image_url': 'https://recipe1.ezmember.co.kr/cache/recipe/2016/08/30/b23f669a6bd081317ec486c2e8136e7d1.jpg'}, {'step_number': 4, 'description': '고기가 익으면 소스를 부어 주세요', 'image_url': 'https://recipe1.ezmember.co.kr/cache/recipe/2016/08/30/174f01a9108cc195fcbf378ed31a56d81.jpg'}, {'step_number': 5, 'description': '소스가 고기에 잘 베이도록 약불에서 졸여주세요', 'image_url': 'https://recipe1.ezmember.co.kr/cache/recipe/2016/08/30/02cb47d7a9ca2143e220bb3205e440691.jpg'}, {'step_number': 6, 'description': '채소와 과일을 곁들인 목살 스테이크 완성!! 밖에서 사 먹는 것보다 더 맛있는~ 더위가 꺾인 탓에 요리하기도 수월한듯해요 도톰한 목살 덕에 식감 역시 좋아요 만들기 쉬우니 집에서 도전해 보세요 ♪', 'image_url': 'https://recipe1.ezmember.co.kr/cache/recipe/2016/08/30/b094fc0588c00dd0a184042071e16f461.jpg'}]"
34967,메인반찬,손님접대,돼지고기,굽기,"고추장삼겹살 만들기, 삼겹살 요리,고추장삼겹살만드는방법 에어프라이어 요리,",고추장삼겹살,"28,723",15분 이내,초급,2인분,"[('삼겹살', '300g'), ('고추장', '1T'), ('진간장', '1T'), ('간 마늘', '0.5T'), ('참기름', '1T'), ('매실액', '1T')]","고추장삼겹살 만들기, 삼겹살 요리, 에어프라이어 요리,고추장삼겹살만드는방법입니다.","[{'step_number': 1, 'description': '삼겹살은 반으로 잘라서 종이 포일 위에 허브솔트를 뿌리고 155도 13분 구워 줍니다.', 'image_url': 'https://recipe1.ezmember.co.kr/cache/recipe/2019/05/22/c14fd1af25b9471ca710d813c0a92aaa1.jpg'}, {'step_number': 2, 'description': '고추장 1T, 진간장 1T, 간 마늘 0.5T, 참기름 1T, 매실액 1T를 섞어 양념을 만들어줍니다.', 'image_url': 'https://recipe1.ezmember.co.kr/cache/recipe/2019/05/22/0bec85159663e311531b3520d7b29d3f1.jpg'}, {'step_number': 3, 'description': '에어프라이어로 구운 삼겹살에 만들어 둔 양념을 버무려 완성합니다. 고기는 고추장을 발라서 구우면, 탈수 있으니, 굽고 나서 양념에 버무려 주세요.에어프라이어', 'image_url': 'https://recipe1.ezmember.co.kr/cache/recipe/2019/05/22/6d12f8f754fb5221c7eb30af88d802b31.jpg'}]"
34968,메인반찬,손님접대,돼지고기,굽기,삼겹살 두릅 롤 말이,삼겹살두릅말이,"1,789",60분 이내,아무나,4인분,"[('삼겹살', '6장'), ('두릅', '약간'), ('실파', '약간'), ('소주', '250ml'), ('화이트와인', '100ml'), ('올리브오일', '1큰술'), ('소금', '약간'), ('바질', '약간'), ('후추', '약간'), ('매운 갈비 양념장', '5큰술')]","봄에 만들었던 두릅 롤 말이랍니다.
두릅 좋아하는 남편 특별하게 만들어 
주고 싶어 삼겹살에 말아 구워 봤어요.^^","[{'step_number': 1, 'description': '삼겹살은 미리 소주에 담가 주세요.\n두릅은 깨끗이 세척 후 \n2등분 해줍니다.\n두릅이 작은 크기라면 그대로 \n사용해도 됩니다.\n사진에는 없지만 실파도 2등분 합니다.', 'image_url': 'https://recipe1.ezmember.co.kr/cache/recipe/2019/09/06/29d59b785c0139d6ba0b0ccb6e5a07ae1.jpg'}, {'step_number': 2, 'description': '양념장 만들기 귀찮아\n매운갈비양념 사용했어요.', 'image_url': 'https://recipe1.ezmember.co.kr/cache/recipe/2019/09/06/3a487dd4a1bc902e8970df662bef56c41.jpg'}, {'step_number': 3, 'description': '소주에 30~40분 담가 두었던 \n삼겹살을 꺼내 2등분 하고\n3장씩 살짝 겹치게 합니다.', 'image_url': 'https://recipe1.ezmember.co.kr/cache/recipe/2019/09/06/f456f13bb0662041add7aea81f53d8781.jpg'}, {'step_number': 4, 'description': '바질, 후추, 소금 약간 뿌리고\n두릅,실파 올려 김밥처럼 \n말아주세요.', 'image_url': 'https://recipe1.ezmember.co.kr/cache/recipe/2019/09/06/f8cdfecf41012f80b6b61bc203d1da351.jpg'}, {'step_number': 5, 'description': '이쑤시개로 사이사이\n벌어지지 않도록 \n모양을 잡아 줍니다.', 'image_url': 'https://recipe1.ezmember.co.kr/cache/recipe/2019/09/06/832c023e82e601d017cdbc2d0bc4a2df1.jpg'}, {'step_number': 6, 'description': '달군팬에 올리브유를 \n두르고 노릇하게 \n구워줍니다.에어프라이어나 오븐에 구워도 됩니다.', 'image_url': 'https://recipe1.ezmember.co.kr/cache/recipe/2019/09/06/125fa1c1b7b627659598cd7d3287f3901.jpg'}, {'step_number': 7, 'description': '고기가 노릇해지면 \n화이트 와인 넣어\n살짝 돌려가며 굽다가', 'image_url': 'https://recipe1.ezmember.co.kr/cache/recipe/2019/09/06/9601a209e4b885fa7cf8a90cae37ff1e1.jpg'}, {'step_number': 8, 'description': '양념장 넣고 약한 불에 \n조려줍니다.', 'image_url': 'https://recipe1.ezmember.co.kr/cache/recipe/2019/09/06/156c361c3e114d051e13513dea4911271.jpg'}, {'step_number': 9, 'description': '시판 양념장 사용했는데\n정말 잘 어울렸어요. ㅎㅎ', 'image_url': 'https://recipe1.ezmember.co.kr/cache/recipe/2019/09/06/e3bf1fbad8b1c32d823fd0cc5ab1042d1.jpg'}, {'step_number': 10, 'description': '한입 크기로 잘라 \n그릇에 올리면 \n모양도 그럴싸 하지요? \n손님 왔을때나 술안주로도\n추천해 볼게요.', 'image_url': 'https://recipe1.ezmember.co.kr/cache/recipe/2019/09/06/ed8c15eaa5f94a87ebc9c70b697c05371.jpg'}]"
34969,메인반찬,손님접대,돼지고기,굽기,통삼겹이랑 채소랑 오븐구이~,통삼겹오븐구이,"3,359",30분 이내,아무나,4인분,"[('통 삼겹살', '1kg'), ('양파', '1/2개'), ('래디쉬', '5개'), ('대파', '1대'), ('통마늘', '1개'), ('소금', '적당량'), ('후춧가루', '적당량')]","오븐을 활용해서 구워진 통삼겹은 육즙이 고기 안쪽에 가득 차 맛이 연하고 부드러우며, 겉은 노릇하고 바삭한 것이 특징이 있죠~ 쌀쌀한 환절기에 온 가족 둘러앉아 먹으면 얼마나 맛있게요~~~ㅎㅎ오늘 저녁 삼겹살 오븐구이 어떠세요??","[{'step_number': 1, 'description': '통삼겹에 소금, 후춧가루, 타임을 골고루 뿌려 주시면 집에서도 고급식당 부럽지 않죠~ 과하지 않게 가볍게 톡톡 골고루 뿌려주세요!', 'image_url': 'https://recipe1.ezmember.co.kr/cache/recipe/2019/03/05/a51746dd288a9830ccbf625cf0660ac61.jpg'}, {'step_number': 2, 'description': '시즈닝을 친 고기를 잠시 숙성시킨 후~\n오븐에 굽기 전에 우선 센 불로 달군 프라이팬에 통삼겹의 모든 면을 노릇해질 때까지 구워줍니다.', 'image_url': 'https://recipe1.ezmember.co.kr/cache/recipe/2019/03/05/f4622df18bd98a15cb7f07d3c980c3571.jpg'}, {'step_number': 3, 'description': '이제 오븐에 넣어주시면 거의 완성인데요~ 양파는 가로로 통으로 썰어서 준비하고, 통마늘도 크기에 따라 반으로 잘라주세요~\n대파는 3cm 길이로 썰어 둡니다. 올리브오일과 소금으로 살짝 밑간만 해두시고요~', 'image_url': 'https://recipe1.ezmember.co.kr/cache/recipe/2019/03/05/43d9c76af3ed49813823142a90c775601.jpg'}, {'step_number': 4, 'description': '앞에서 준비한 고기와 함께 200도 예열된 오븐에 15분 정도 구워줍니다. 오븐을 활용한 고기 요리들의 특징은 겉은 바삭하고, 속은 부드럽게 육즙을 잘 담겨 촉촉해서, 석쇠나 팬에 요리한 것과는 또 다른 매력의 요리가 되는것 같습니다. 채소를 함께 구우면 채소의 수분과 향긋함으로 식감이 배가되죠~오븐', 'image_url': 'https://recipe1.ezmember.co.kr/cache/recipe/2019/03/05/14484d8f97649a75cda1dbd36f6a53f91.jpg'}]"
34970,메인반찬,손님접대,돼지고기,굽기,[토마토메이드]토마토즙으로 만드는 목살스테이크!,목살스테이크,667,30분 이내,아무나,2인분,"[('목살', '600g'), ('간장', '2T'), ('물', '1/2컵'), ('설탕', '2T'), ('수제 케찹', '4T'), ('식초', '2T'), ('다진마늘', '1T'), ('소금', '조금'), ('후추', '조금'), ('버터', '2T'), ('양파', '1/2개'), ('대파', '1/2개'), ('새송이', '1개')]","황해 토마토즙으로 만드는 토마토메이드 '목살스테이크'
오늘 밤은 목살스테이크에 와인 한잔~? ♡","[{'step_number': 1, 'description': '준비된 돼지 목살에 칼집과 소금, 후추로 밑같을 한 뒤 뜨겁게 달아오른 불에 절반을 잘라 노릇하게 구워주세요목살 600g, 소금 조금, 후추 조금강한 불칼집은 최대한 깊게 넣어주셔야 속까지 잘 익어요', 'image_url': 'https://recipe1.ezmember.co.kr/cache/recipe/2019/03/08/8e0b5b80b0ddce6374545ae75e1768361.png'}, {'step_number': 2, 'description': '한 면이 충분히 구워지면 뒤집은 뒤 버터1T를 넣어줍니다.버터 1T강한 불', 'image_url': 'https://recipe1.ezmember.co.kr/cache/recipe/2019/03/08/a3724e481227795ea52e857ec2f224691.png'}, {'step_number': 3, 'description': '고기가 어느정도 익으면 불을 줄이고 레스팅을 해줘 육즙이 고기 전체에 갈 수 있게 해주세요!약불레스팅할땐 고기를 반복해서 뒤집어 주세요', 'image_url': 'https://recipe1.ezmember.co.kr/cache/recipe/2019/03/08/42f57341e87790b0fa8f1f7aa624b4fc1.png'}, {'step_number': 4, 'description': '기름 조금 버리고 다시 버터1T를 넣어 녹여줍니다.버터 1T약불고기 기름은 전부 닦아내지마세요! 소스에 향미를 더해줍니다.', 'image_url': 'https://recipe1.ezmember.co.kr/cache/recipe/2019/03/08/a9e9537e637440ea33b356507159b3511.png'}, {'step_number': 5, 'description': '불을 올리고 대파를 먼저 넣어 양면이 노릇하게 구워질때까지 볶아줍니다.대파 1/2대강한 불대파는 단단해서 먼저 구워줍니다.', 'image_url': 'https://recipe1.ezmember.co.kr/cache/recipe/2019/03/08/54c1980c0c5af0aaf828ba18dbcb376b1.png'}, {'step_number': 6, 'description': '대파가 어느정도 익으면 준비된 양파와 새송이를 넣고, 소금, 후추를 조금 더해 간을 해주며 볶아줍니다.새송이 1개, 양파 1/2개, 소금, 후추소금, 후추는 너무 많이 넣지 말아주세요', 'image_url': 'https://recipe1.ezmember.co.kr/cache/recipe/2019/03/08/36ac08dbc63afd0b6cb1cefe9077883d1.png'}, {'step_number': 7, 'description': '야채가 다 익으면 다시 같은 후라이팬에 고기를 넣고 익지 않은 부분을 충분히 익혀줍니다.강한 불돼지고기는 최대한 많이 익힐 수록 맛이 있으니 최대한 잘 익혀주세요', 'image_url': 'https://recipe1.ezmember.co.kr/cache/recipe/2019/03/08/253a8cc2649a10f6f564d3f10b3b92791.png'}, {'step_number': 8, 'description': '고기가 잘 익었다면 불을 줄여주고 목살 스테이크에 미리 만들어 놓은 소스를 고기에 부어줍니다.간장2T, 물 반컵, 설탕2T, (수제)케찹4T, 식초2T중간 불소스는 미리만들어 놓으시고 수제케찹이 없으시면 일반 케찹으로 하셔도 됩니다.', 'image_url': 'https://recipe1.ezmember.co.kr/cache/recipe/2019/03/08/fe13176a9bb7c3e8b6016dbc513de64c1.jpg'}, {'step_number': 9, 'description': '소스가 걸쭉해질때까지 충분히 졸여줍니다.중간 불오래 졸일수록 고기는 더 맛있어져요~', 'image_url': 'https://recipe1.ezmember.co.kr/cache/recipe/2019/03/08/3e5468fd03beafd2175194755993dfd41.png'}, {'step_number': 10, 'description': '먼저 양파를 바닥에 깐뒤 고기를 올리고, 그 위에 소스와 대파, 새송이를 올리면 아주 맛있는 목살스테이크가 완성됩니다~ ♡', 'image_url': 'https://recipe1.ezmember.co.kr/cache/recipe/2019/03/08/85f559e63479647a8c30d68ff578d3931.png'}]"
34971,메인반찬,손님접대,돼지고기,굽기,통삼겹살 바베큐 만들기,통삼겹살바베큐,"6,106",30분 이내,아무나,4인분,"[('돼지고기 앞다리살', '600g'), ('후추', '1꼬집'), ('간마늘', '2t'), ('소금', '1t')]",간편하게 통삼겹살 바베큐 만들어 볼께요.,"[{'step_number': 1, 'description': '손님상 차림에도 좋고\n평상시 식사에도 좋은 통삼겹살 바베큐 만들어 볼께요.', 'image_url': 'https://recipe1.ezmember.co.kr/cache/recipe/2019/01/28/7a70dea70702fbaa84e384834e41655a1.jpg'}, {'step_number': 2, 'description': '우선 재료는 요렇게 고기랑 \n곁들일 채소', 'image_url': 'https://recipe1.ezmember.co.kr/cache/recipe/2019/01/28/8eb38dc0641cf0da2dfa35bdd317a0581.jpg'}, {'step_number': 3, 'description': '우선 소금으로 간을 해주세요.', 'image_url': 'https://recipe1.ezmember.co.kr/cache/recipe/2019/01/28/c87c651aced5c9b485c837e5222049651.jpg'}, {'step_number': 4, 'description': '후추도 뿌려 주시구요', 'image_url': 'https://recipe1.ezmember.co.kr/cache/recipe/2019/01/28/b64c51c7c1e9ca3af99a8f39b66112fc1.jpg'}, {'step_number': 5, 'description': '간마늘도 발라 주시구요', 'image_url': 'https://recipe1.ezmember.co.kr/cache/recipe/2019/01/28/ffffad631ddfa42b51574c73f919c1f41.jpg'}, {'step_number': 6, 'description': '그다음 실온에서 5분 정도 간이 배도록 재워 주세요.', 'image_url': 'https://recipe1.ezmember.co.kr/cache/recipe/2019/01/28/e09363218104198d68bb00b0ec8f787c1.jpg'}, {'step_number': 7, 'description': '그리고 에어프라이어에 넣어 주세요.에어프라이어', 'image_url': 'https://recipe1.ezmember.co.kr/cache/recipe/2019/01/28/b14e0c597d6f79e561598010a8f0a5851.jpg'}, {'step_number': 8, 'description': '그럼 15분 후 요렇게 맛있게 통바베큐가 완성', 'image_url': 'https://recipe1.ezmember.co.kr/cache/recipe/2019/01/28/0394dbe7b11b241fbd9b379278146eb41.jpg'}, {'step_number': 9, 'description': '겉은 바삭하고 속은 부드러운 바베큐 완성이랍니다.\n곁들일 채소는 식초,설탕,간장,고춧가루를 넣고 무쳐 주심 되세요.', 'image_url': 'https://recipe1.ezmember.co.kr/cache/recipe/2019/01/28/ed86069af18efb1cfe21d1af448bb4f11.jpg'}]"
34972,메인반찬,손님접대,돼지고기,굽기,토마토카레 소스 목살 스테이크 만들기,목살스테이크,"2,181",30분 이내,중급,2인분,"[('돼지목살', '300g'), ('양파', '1/2개'), ('당근', '1/3개'), ('새송이버섯', '1개'), ('단호박', '1/6개'), ('감자', '1개'), ('토마토소스', '5T'), ('카레', '2T'), ('우유', '2컵'), ('후추', '조금'), ('소금', '조금'), ('물', '5컵')]",한우스테이크는 질리고.ㅋㅋ 돼지목살로 스테이크를 요리하는 카레로 목살 냄새를 잡고 토마토로 느끼함을 잡을려고 토마토카레 소스를 만들었다,"[{'step_number': 1, 'description': '야채를 깍뚝 썰기한다. 단맛을 내기 위해 단호박을 넣는다. 없음 생략 가능', 'image_url': 'https://recipe1.ezmember.co.kr/cache/recipe/2018/10/30/e7f8c22359c712d4101a0fba3b37416d1.jpg'}, {'step_number': 2, 'description': '궁중팬에 물을 붓고 야채를 모두 넣고 끓인다.', 'image_url': 'https://recipe1.ezmember.co.kr/cache/recipe/2018/10/30/32b21bf2d97a095b7676bfcfebbc039b1.jpg'}, {'step_number': 3, 'description': '한소금 끓어 오르면 분량의 토마토 소스와 카레 양념을 넣고 잘 저어준다. 카레가루가 잘 녹도록 계속 저어준다', 'image_url': 'https://recipe1.ezmember.co.kr/cache/recipe/2018/10/30/6f0f899618ea66fe4af9d41bba8c61b81.jpg'}, {'step_number': 4, 'description': '한소금 끓어오르면 중불로 졸여서 토마토카레 소스 완성. 걸죽해지면 끝.', 'image_url': 'https://recipe1.ezmember.co.kr/cache/recipe/2018/10/30/6e260ad34a55856501cf2343877d16021.jpg'}, {'step_number': 5, 'description': '목살에 소금 후추를 솔솔 뿌린다. 목살 앞뒤면을 튀김가루로 코팅한다.', 'image_url': 'https://recipe1.ezmember.co.kr/cache/recipe/2018/10/30/4128730533c6423fd06bf7335f3fc5991.jpg'}, {'step_number': 6, 'description': '팬에 기름을 넉넉히 두르고 중불로 유지한다. 여기에 목살을 올려 앞뒤면을 노릇노릇 구워준다.고기가 말리면 말린 자리를 가위로 잘라 스테이크처럼 평평히 만든다.', 'image_url': 'https://recipe1.ezmember.co.kr/cache/recipe/2018/10/30/5b4eb3320766f065928d358ab38ff7af1.jpg'}, {'step_number': 7, 'description': '넓은 접시를 준비한다. 그위에 목살스테이크를 올리고 토마토카레 소스를 부어준다. 밥을 겻들인다.\n마지막으로 통깨 솔솔. 끝', 'image_url': 'https://recipe1.ezmember.co.kr/cache/recipe/2018/10/30/2b3e4b73feca98aa5f8f48de425ef9cb1.jpg'}]"
34973,메인반찬,손님접대,돼지고기,굽기,아스파라거스 베이컨말이 예쁘게 만들기,아스파라거스베이컨말이,"2,437",20분 이내,아무나,4인분,"[('아스파라거스', '10개'), ('베이컨', '1팩'), ('데리야끼소스', '50g')]",간단한 안주 밥반찬으로 좋은 아스파라거스 베이컨말이 만들어 볼께요,"[{'step_number': 1, 'description': '간단하게 만들수 있는 야식요리랑 술안주 요리로\n딱 좋은 아스파라거스 만들어 볼께요', 'image_url': 'https://recipe1.ezmember.co.kr/cache/recipe/2019/11/22/3199bcb5de83152d52b2d44914a2e2131.jpg'}, {'step_number': 2, 'description': '재료는 요정도 준비해 주심 되시구용', 'image_url': 'https://recipe1.ezmember.co.kr/cache/recipe/2019/11/22/92711a4e73b04408fdad8ecbf19202741.jpg'}, {'step_number': 3, 'description': '소금을 넣고 살짝 아스파라거스를 데쳐서\n찬물에 헹구어서 물기를 빼주세요,', 'image_url': 'https://recipe1.ezmember.co.kr/cache/recipe/2019/11/22/fe2d23f54bcb9fb45708136709f6bf631.jpg'}, {'step_number': 4, 'description': '그리고 키친타올로 남은 물기까지 제거 해 주세요,.', 'image_url': 'https://recipe1.ezmember.co.kr/cache/recipe/2019/11/22/0f30e6284c55834d4f8a5036329fd1671.jpg'}, {'step_number': 5, 'description': '그리고 아스파라거스를 한개씩 베이컨에 말아 주세요,', 'image_url': 'https://recipe1.ezmember.co.kr/cache/recipe/2019/11/22/c4d13745d41213ce279f0da2f4c9c1bd1.jpg'}, {'step_number': 6, 'description': '그리고 에어프라이어에 종이호일을 깔고\n준비해 둔 재료를 넣어 주세요,\n그리고 에어프라이어에 넣고 \n180도에서 15분 돌리시면 되세용에어프라이어', 'image_url': 'https://recipe1.ezmember.co.kr/cache/recipe/2019/11/22/89dd88e7e09d23f4c647c4520963c8cd1.jpg'}, {'step_number': 7, 'description': '그럼 맛있고 보기도 좋은 안주겸 밥반찬이 완성이네요.', 'image_url': 'https://recipe1.ezmember.co.kr/cache/recipe/2019/11/22/2c40a488c3fb05369e686e3d66dde87f1.jpg'}]"
34974,메인반찬,손님접대,돼지고기,굽기,#에어프라이어요리 #훈제목심무쌈만들기 #크리스마스파티 #훈제목살구이 #포두부와 쌈무에 싸서 먹는 돼지고기요리,훈제목살구이,"4,709",20분 이내,아무나,4인분,"[('훈제 목심', '500g'), ('쌈무', '10장'), ('홍파프리카', '1/2개'), ('황파프리카', '1/2개'), ('오이', '1/3개'), ('포 두부', '5장'), ('머스터드소스', '1작은술'), ('홀그레인머스터드소스', '1작은술')]","훈제하면 흔히 오리고기나 연어만 생각하게 되는데요.

이번에 알게된 것이 돼지고기 목심이 훈제로 나왔더라구요.

그리고 삼겹살도 통으로 훈제로 나온 것도 있고요.

​

간단하게 전자렌즈에 데워서 먹을 수도 있고

아니면 오븐이나 에어프라이어를 이용해서 바삭하게 구워서 드실 수도 있고요.

그것도 아니라면 프라이팬에 구워서 드셔도 되는 것이죠.

​

이번에는 돼지고기 훈제목심구이입니다. 에어프라이어로 구워 주었고

이미 썰어져 나왔기 때문에 바로 구워서 먹을 수 있었는데

그냥 먹기 보다는 쌈무에 각종 채소들을 넣고 돌돌 말아서 먹는 무쌈말이로 즐겼습니다.

소스는 머스터드소스와 홀그레인머스터드를 섞어서 만든 소스에 찍어 먹는 것이죠.","[{'step_number': 1, 'description': '돼지고기 훈제목심 400g입니다.', 'image_url': 'https://recipe1.ezmember.co.kr/cache/recipe/2019/12/16/86648fdabe4da9099aa7a12e935748301.jpg'}, {'step_number': 2, 'description': '같이 싸서 먹을 재료들을 준비해 놓습니다. 홀그레인머스터드소스와 머스터드소스를 섞어서 만든 소스와 더불어서 홍파프리카, 황파프리카는 채썰어서 준비해 놓고요. 초록색이 필요해서 오이도 채썰어서 준비해 놓았습니다. 거기에 포두부가 조금 남아 있어서 팔팔 끓은 물에 데친 후 물기를 빼 주고는 준비해 놓았습니다.', 'image_url': 'https://recipe1.ezmember.co.kr/cache/recipe/2019/12/16/4cb645bfb99cd736c7e874cf2aaf97ec1.jpg'}, {'step_number': 3, 'description': '여기에 쌈무도 있어야겠지요.', 'image_url': 'https://recipe1.ezmember.co.kr/cache/recipe/2019/12/16/be4448ce8c73e8fe10b5dde978b637fd1.jpg'}, {'step_number': 4, 'description': '돼지고기 훈제목심은 에어프라이어로 200도에서 15분 정도 구워 주었습니다. 완성접시에 담아 주고요.에어프라이어', 'image_url': 'https://recipe1.ezmember.co.kr/cache/recipe/2019/12/16/33f389056e89405cd7a5de40fa0769411.jpg'}, {'step_number': 5, 'description': '돼지고기훈제목심말이 밥상이 완성되었습니다. 미리 말아서 준비할 수도 있었지만 기호에 따라서 포두부를 선택하느냐, 아니면 쌈무를 선택하느냐는 개인 취향이기 때문이지요.', 'image_url': 'https://recipe1.ezmember.co.kr/cache/recipe/2019/12/16/b16796a67261c517357090088d8ad15e1.jpg'}, {'step_number': 6, 'description': '가장 먼저 포두부쌈을 만들어 봅니다. 포두부에 파프리카 올려 주고 훈제목심도 올려 주고 오이도 올려 주고는 돌돌 말아 줍니다.', 'image_url': 'https://recipe1.ezmember.co.kr/cache/recipe/2019/12/16/30e9eadd65fb6f875d299e6d65c454641.jpg'}, {'step_number': 7, 'description': '이번에는 새콤달콤한 쌈무에 싸서 먹어 보았습니다. 포두부에는 소스를 넣지 않았는데 여기에는 만든 머스터드소스를 넣어서 말아 주었습니다.', 'image_url': 'https://recipe1.ezmember.co.kr/cache/recipe/2019/12/16/876211dbd541d77ac9b5d0bbeefed94f1.jpg'}, {'step_number': 8, 'description': '기호에 따라서 골라서 싸서 먹을 수 있어서 손님접대와 파티메뉴로도 좋은 훈제목심구이 쌈입니다.', 'image_url': 'https://recipe1.ezmember.co.kr/cache/recipe/2019/12/16/55c3d773fb065326b526b3a44d489ee81.jpg'}]"
34975,메인반찬,손님접대,돼지고기,굽기,#이베리코돼지고기요리 #이베리코돼지갈비스테이크만들기 #빼빼로데이 특별한 스테이크,돼지갈비스테이크,"3,906",30분 이내,아무나,4인분,"[('이베리코돼지갈비 스테이크', '1kg'), ('마늘허브소금', '1큰술'), ('바질가루', '1작은술'), ('후추', '1작은술'), ('올리브오일', '2큰술'), ('양송이버섯', '1개'), ('토마토', '1개'), ('아스파라거스', '4개'), ('브로콜리', '4조각'), ('통마늘', '10개'), ('올리브오일', '3큰술'), ('마늘허브소금', '1작은술'), ('후추', '1작은술'), ('바질가루', '1작은술')]","이베리코돼지갈비요리 돼지갈비스테이크만들기

각종 가니쉬가 곁들여진 캠핑장 분위기를 내어서 먹는 집콕요리!!

돼지갈비스테이크입니다.

​

마음놓고 어디를 다닐 수도 없는 상황에서

집콕으로 즐기는 야외 분위기!!

이베리코돼지갈비를 밑간을 해서 재워 놓고 가니쉬도 재워 놓고

1차로 에어프라이어로 기름을 빼 준 후에

즉석에서 숯불에 구워서 먹는 것처럼

식탁에서 바로 2차로 구워서 먹는 스테이크입니다.

​

토치를 이용하면 불향도 물씬나고 캠핑장이 부럽지 않은 집콕캠핑입니다.","[{'step_number': 1, 'description': '이베리코돼지갈비 스테이크용으로 나온 것입니다. 아주아주 두툼하고 뼈도 다 붙어 있습니다.', 'image_url': 'https://recipe1.ezmember.co.kr/cache/recipe/2020/11/08/e7570e99fad2f20c294dc3665cd683361.jpg'}, {'step_number': 2, 'description': '밑간을 해 줍니다. 올리브오일, 마늘허브소금, 후추, 바질가루를 골고루 앞뒤로 뿌려서 양념에 재워 놓습니다.', 'image_url': 'https://recipe1.ezmember.co.kr/cache/recipe/2020/11/08/8932f46e34057c31823f02d39232410b1.jpg'}, {'step_number': 3, 'description': '돼지갈비스테이크와 함께 먹을 가니쉬도 역시나 똑같이 올리브오일, 마늘허브소금, 후추, 바질가루를 뿌려서 같이 재워 놓습니다.', 'image_url': 'https://recipe1.ezmember.co.kr/cache/recipe/2020/11/08/0ebb088f645bdb0a68b8a35ce14238891.jpg'}, {'step_number': 4, 'description': '두툼한 돼지갈비는 1차적으로 에어프라이어에서 한번 구워 주었습니다. 나머지는 즉석에서 구워 먹기 위함입니다. 마치 캠핑장같은 느낌도 들고요. 가니쉬는 양송이버섯, 통마늘, 토마토, 아스파라거스, 브로콜린입니다. 통마늘은 1차로 에어프라이어에 돼지갈비를 넣을때에 몇개만 같이 넣어서 구워 줍니다. 그럼 돼지기름으로 구워낸 마늘은 마치 버터처럼 단맛과 고소한 맛을 내어 줍니다. 쉽게 으깨어지면서 고기위에 올려서 드시면 최상의 맛이 됩니다.에어프라이어', 'image_url': 'https://recipe1.ezmember.co.kr/cache/recipe/2020/11/08/9dd86a69dadf2e07c4e07ae9348433341.jpg'}, {'step_number': 5, 'description': '1차로 일단 구워낸 이베리코돼지갈비스테이크를 식탁에서 즉석으로 가니쉬와 함께 구워 줍니다. 1차로 구워내었기 때문에 시간소요는 반으로 줄어 듭니다. 워낙에 두툼해서 쉽게 익지를 않기 때문에 숯불이 아닌 경우는 1차로 에어프라이어를 이용하시는 것이 좋습니다.', 'image_url': 'https://recipe1.ezmember.co.kr/cache/recipe/2020/11/08/a0c40dd423217c30aa1cfae9eeba57491.jpg'}, {'step_number': 6, 'description': '굽기 시작하면서 위쪽으로 토치를 사용해서 불맛을 내어 줍니다. 고기에도 가니쉬에도!! 그럼 가니쉬에도 불맛이 살아나면서 더욱 맛있는 가니쉬를 드실 수 있습니다. 마치 숯불에 구운 듯한 맛을 줍니다.', 'image_url': 'https://recipe1.ezmember.co.kr/cache/recipe/2020/11/08/cd4f62e21ce7e818aa4e07e414446c4b1.jpg'}]"
34976,메인반찬,손님접대,돼지고기,굽기,미친식감의 삼겹살요리 수퍼크리스피삼겹살,수퍼크리스피삼겹살,"2,779",120분 이내,아무나,4인분,"[('오겹살', '1kg'), ('소금', ''), ('후추', ''), ('양파', ''), ('부추', '필요한만큼'), ('간장', '3큰술'), ('레몬주스', '2큰술'), ('올리고당', '1큰술'), ('오일', '4큰술'), ('다진마늘', '2작은술')]","저온으로 고기는 부드럽게 익히고 껍질은 바삭하게 튀긴요리! 술안주로도 넘 좋고,
홈파티 메뉴로 짱짱이예요","[{'step_number': 1, 'description': '오겹살은 반으로 갈라서 5~6cm 폭으로 잘라줍니다', 'image_url': 'https://recipe1.ezmember.co.kr/cache/recipe/2020/12/01/41263ad9f4724c4a5a76c1f41d402ab11.png'}, {'step_number': 2, 'description': '껍질에 칼집을 내주세요. 오븐에 구우면서 기름이 빠지게 해주기 위해서예요', 'image_url': 'https://recipe1.ezmember.co.kr/cache/recipe/2020/12/01/0e7df8157e8c946edf5ed8258185a5a31.png'}, {'step_number': 3, 'description': '4면에 소금을 뿌려주세요', 'image_url': 'https://recipe1.ezmember.co.kr/cache/recipe/2020/12/01/56b47697f1d390d878be7248c940c39e1.png'}, {'step_number': 4, 'description': '후추는 껍질에는 하지 마세요.\n구워질때 꼭 탄것 처럼 보이거든요', 'image_url': 'https://recipe1.ezmember.co.kr/cache/recipe/2020/12/01/fb0284970c8e90579ac24e9750a450c61.png'}, {'step_number': 5, 'description': '에어프라이어(오븐)에 140도에서 1시간 30분정도 구워주세요.\n기기 사양에 따라 시간차는 조금 있을 수 있어요오븐 , 에어프라이어', 'image_url': 'https://recipe1.ezmember.co.kr/cache/recipe/2020/12/01/3cf5ba6f128288d00c0f255d99688f131.png'}, {'step_number': 6, 'description': '구워지는 동안 드레싱을 만들어 주시고요.\n곁들일 채소를 준비해주세요. \n저는 돼지고기와 궁합이 좋은 부추와 양파를 준비했어요', 'image_url': 'https://recipe1.ezmember.co.kr/cache/recipe/2020/12/01/800cc263dc25169ae3edb36c07c586d21.png'}, {'step_number': 7, 'description': '고기는 에어프라이어에서 전부 익혀주세요.\n저온으로 조리하면 기름기는 쏙 빠지고, 정말 촉촉하게 익어요.\n시간은 오래걸리지만 시간이 다하는 요리!', 'image_url': 'https://recipe1.ezmember.co.kr/cache/recipe/2020/12/01/c1c3faabd0c619472d8eef8293f267751.png'}, {'step_number': 8, 'description': '아래로 빠진 기름은 버리지 마시고 팬에 옮겨주시고요.\n처음부터 삼겹살 기름에 껍질을 튀기듯 해주세요. \n껍질이 엄청 바삭해져요~', 'image_url': 'https://recipe1.ezmember.co.kr/cache/recipe/2020/12/01/94ffb68e47ece17cd1fff8a7eed8cc381.png'}, {'step_number': 9, 'description': '껍질이 잠길만큼의 기름이 필요한데, 혹시 기름이 모자르다면 일반 식용유같은거 섞어 사용하세요~', 'image_url': 'https://recipe1.ezmember.co.kr/cache/recipe/2020/12/01/cce30ab1514af7bbb4a309286e07f66c1.png'}, {'step_number': 10, 'description': '채소위에 고기 한입크기로 썰어올리고 드레싱 뿌려주면 \n완성!', 'image_url': 'https://recipe1.ezmember.co.kr/cache/recipe/2020/12/01/c37361b648c18b0b586a49d8cf31dff21.png'}]"
34977,메인반찬,손님접대,돼지고기,굽기,바베큐폭립만들기,바베큐폭립,"4,829",60분 이내,아무나,2인분,"[('등갈비', '1kg'), ('페퍼론치노', '4~5개'), ('파슬리가루', '1작은술'), ('된장', '1큰술'), ('월계수잎', '2장'), ('통후추', '1작은술'), ('마늘', '5알'), ('대파', '1/2대'), ('바베큐소스', '3큰술'), ('간장', '2큰술'), ('올리고당', '2큰술'), ('맛술', '3큰술'), ('케첩', '2큰술'), ('다진마늘', '1큰술'), ('후추', '톡톡')]","등갈비로 바베큐폭립을 만들어봤어요.
베버큐소스 발라 노릇하게 구워주니 완전 꿀맛!!!
연말파티음식으로도 좋답니다.맛있는 바베큐폭립
만들어서 가족끼리 두런두런 앉아 드셔보시는 것도 
좋을 것 같아요.","[{'step_number': 1, 'description': '등갈비를 30분간 찬물에 담궈 핏물을 \n빼주세요.뼈에서 나오는 핏물때문에 누린내가 나기때문에\n핏물은 꼭 제거해주세요.', 'image_url': 'https://recipe1.ezmember.co.kr/cache/recipe/2020/12/02/696fa965410e556a1aaf1447c5f3c84e1.jpg'}, {'step_number': 2, 'description': '분량의 재료를 냄비에 넣고 30분간 끓여주세요.', 'image_url': 'https://recipe1.ezmember.co.kr/cache/recipe/2020/12/02/878ab891062af8172cd28cdd8ba9bc2e1.jpg'}, {'step_number': 3, 'description': '끓일때 생기는 거품은 걷어가며 끓여줍니다.', 'image_url': 'https://recipe1.ezmember.co.kr/cache/recipe/2020/12/02/b2402dfdf28af2b2e5f6db2dcc5b24971.jpg'}, {'step_number': 4, 'description': '끓이는 동안 소스를 만들어두세요.', 'image_url': 'https://recipe1.ezmember.co.kr/cache/recipe/2020/12/02/e6f227c9adb45fc7b1d59c35149805291.jpg'}, {'step_number': 5, 'description': '삶아 준 등갈비에 소스를 반만 발라주세요.', 'image_url': 'https://recipe1.ezmember.co.kr/cache/recipe/2020/12/02/062b67cccbc41d97e6c3e88581fea08f1.jpg'}, {'step_number': 6, 'description': '앞/뒤로 골고루 발라줍니다.', 'image_url': 'https://recipe1.ezmember.co.kr/cache/recipe/2020/12/02/d3ea798f09787ec0c61802b6f563fefc1.jpg'}, {'step_number': 7, 'description': '페퍼론치노를 부셔서 위에 뿌려주고 예열해둔\n오븐 220도에서 10분간 구워주세요.오븐에어프라이어로도 가능해요.', 'image_url': 'https://recipe1.ezmember.co.kr/cache/recipe/2020/12/02/385e1edd4ac4b62d4fced338f8e3b4401.jpg'}, {'step_number': 8, 'description': '10분 구워준 등갈비에 남은 소스를 마져 발라줍니다.', 'image_url': 'https://recipe1.ezmember.co.kr/cache/recipe/2020/12/02/f03b89e0bf573321eba515d23f1e83c31.jpg'}, {'step_number': 9, 'description': '10분 더 구워줍니다.집집마다 오븐 사양이 \n다르니 구워지는 정도를 보고 시간조절을 해주세요.', 'image_url': 'https://recipe1.ezmember.co.kr/cache/recipe/2020/12/02/d94f4b9a2aaf1244182bc8f8b2cf41e81.jpg'}, {'step_number': 10, 'description': '많이 달지도 않고 간이 적당해서\n맛있는 바베큐폭립이에요.겉바속촉으로 \n아주 맛있게 구워진 바베큐폭립..!!', 'image_url': 'https://recipe1.ezmember.co.kr/cache/recipe/2020/12/02/55e969dbf3973a1ef61354929077c1171.jpg'}, {'step_number': 11, 'description': '크리스마스 파티음식으로도 정말 훌륭하죠^^\n등갈비는 뜯어야 제맛..!!손으로 잡고 아구아구 \n뜯어 먹어줬습니다.정말 맛있네요.', 'image_url': 'https://recipe1.ezmember.co.kr/cache/recipe/2020/12/02/3b239bf6372c2a2a950a8406933cdf091.jpg'}]"
34978,메인반찬,손님접대,돼지고기,굽기,LA식 돼지갈비 재워 놓기만 하면 끝,LA돼지갈비,"3,657",90분 이내,초급,3인분,"[('돈갈비', '1kg'), ('양파', '1/2개'), ('사과', '1/4개'), ('배', '1/2개'), ('간장', '6큰술'), ('설탕', '2큰술'), ('맛술', '3큰술'), ('다진마늘', '2큰술'), ('참기름', '1큰술'), ('올리고당', '3큰술'), ('후추', '약간')]",쉬운 돼지갈비 소스 만들기,"[{'step_number': 1, 'description': '재료준비', 'image_url': 'https://recipe1.ezmember.co.kr/cache/recipe/2020/12/09/371c0686d8ee24c9dffba8d198bebedf1.jpg'}, {'step_number': 2, 'description': '양파 1/2개 사과 1/4개 배 1/2개를 넣고 믹서기에 곱게 갈아주면 됩니다 사과와 배는 껍질을 제거하고 갈아주시고 면보에 국물만 이용해서 양념을 할껀데요 믹서기에 갈아놓은 그대로 돼지갈비 양념을 해놓으면 미관상 보기에 좋지 않더라구요 돼지갈비를 구울때도 건더기로 인해 검게 탄부분이 군데군데 보이니 면보를 이용해 국물만 재어놓는것도 좋을거 같아요 간장 6큰술 설탕 2큰술 맛술 3큰술 다진마늘 2큰술 참기름 1큰술 올리고당 3큰술 후추 약간넣고 양념을 전부섞어주세요 양념은 냉장고에 넣어두고 고기 핏물이 빠질때가지 숙성과정을 거치면 좋습니다 갈비양념은 비슷하지만 고기에 잡내를 잡아주기위해서 또는 육질을 부드럽게 하기위해서는 배를 넣어 양념하는것이 좋더라구요', 'image_url': 'https://recipe1.ezmember.co.kr/cache/recipe/2020/12/09/42a8282c439b1c83c94da90170916eec1.jpg'}, {'step_number': 3, 'description': '돼지갈비는 핏물 제거해주는 과정이 필요한데요 중간중간 물을 갈아주시고 3시간 정도 담가 뒀어요 고기는 물기를 제거를 꼭해주시고 숙성시킨 양념을 넣고 고기를 12시간 정도 재워두시면 됩니다 완성된거나 다름이 없는데요 이렇게 재워진 고기는 팬이나 그릴에 굽기만하면 맛있는 고기가 만들어집니다', 'image_url': 'https://recipe1.ezmember.co.kr/cache/recipe/2020/12/09/15a8f4c9edc31b7ed5abffb5ef7578a91.jpg'}, {'step_number': 4, 'description': '팬에 노릇하게 구워주면 완성인데요 앞뒤로 맛있게 구워주면 돼지갈비 완성입니다', 'image_url': 'https://recipe1.ezmember.co.kr/cache/recipe/2020/12/09/74e5d0bbc2b5ec28930d4aa2b6defa881.jpg'}, {'step_number': 5, 'description': '정말 쉬운 돼지갈비 구이', 'image_url': 'https://recipe1.ezmember.co.kr/cache/recipe/2020/12/09/106024b73c06a14dcca0326a4faa0c191.jpg'}]"
34979,메인반찬,손님접대,돼지고기,굽기,매콤한 두부목살 두루치기 황금레시피,두부목살두루치기,"2,662",30분 이내,초급,3인분,"[('두부', '1모'), ('돼지고기목살', '200g'), ('신 김치', '1컵'), ('대파', '1/3대'), ('양파', '1/2개'), ('청양고추', '1개'), ('참기름', '1큰술'), ('통깨', '약간'), ('식용유', '약간'), ('해물육수', '1컵'), ('고추장', '2큰술'), ('고춧가루', '2큰술'), ('맛술', '2큰술'), ('간장', '1큰술'), ('굴소스', '1/2큰술'), ('설탕', '1큰술'), ('다진마늘', '1큰술'), ('생강가루', '1/3큰술'), ('후춧가루', '약간')]",손님 접대용 메뉴로 손색이 없고 술 안주와 밥에 비벼드셔도 좋은 매콤한 두부목살 두루치기를 만들어 보았어요. 동영상과 함께 만들어보아요.,"[{'step_number': 1, 'description': '먼저 재료를 준비해주세요. \n돼지고기는 손바닥만 크기의 목살로 약 세 덩어리 정도를 사용했어요. 돼지고기의 다른 부위를 사용해도 좋을 듯해요. \n해물 육수물을 사용하실 분들은 냄비에 물을 넣고 해물육수팩(또는 멸치, 다시마)을 넣고 끓여 미리 만들어 두세요(그냥 물을 사용하실 분들은 생략)', 'image_url': 'https://recipe1.ezmember.co.kr/cache/recipe/2021/01/03/f521a54278e298ed74e801f950fd1b271.jpg'}, {'step_number': 2, 'description': '두부를 약 1.5Cm두께의 한 입 크기로 썰어주세요.두부', 'image_url': 'https://recipe1.ezmember.co.kr/cache/recipe/2021/01/03/08a0eb0247b221c7f02153f22a66410b1.jpg'}, {'step_number': 3, 'description': '키친타올로 두부의 물기를 제거해주세요.키친타올', 'image_url': 'https://recipe1.ezmember.co.kr/cache/recipe/2021/01/03/ecde562add46a00e0248f15529db66c21.jpg'}, {'step_number': 4, 'description': '양파는 사각형 모양의 한 입 크기로, 청양고추와 대파는 어슷 설어주세요.양파, 청양고추', 'image_url': 'https://recipe1.ezmember.co.kr/cache/recipe/2021/01/03/c1dc38a6796552a6f626943dbf723ced1.jpg'}, {'step_number': 5, 'description': '신 김치와 돼지고기도 먹기 좋은 크기로 썰어주세요.\n신 김치가 없으면 일반 배추김치도 가능하나 신 김치가 맛이 더 나요.신김치, 돼지고기신김치 만드는 법은 일반배추김치에 양조식초을 약간 넣으면 신김치 맛이 난다고 합니다.', 'image_url': 'https://recipe1.ezmember.co.kr/cache/recipe/2021/01/03/20e66e58a3583849acf24899cef25a161.jpg'}, {'step_number': 6, 'description': '그릇에 양념장을 만들어 주세요. \n고추장-2큰술, 고춧가루-2큰술, 맛술-2큰술, 간장-1큰술, 굴소스-1/2큰술, 설탕-1큰술, 다진마늘-1큰술, 생강가루-1/3큰술, 후춧가루-약간을 넣고 잘 섞어 주세요.고추장-2큰술, 고춧가루-2큰술, 맛술-2큰술, 간장-1큰술, 굴소스-1/2큰술, 설탕-1큰술, 다진마늘-1큰술, 생강가루-1/3큰술, 후춧가루-약간', 'image_url': 'https://recipe1.ezmember.co.kr/cache/recipe/2021/01/03/5ebe943b7cb1382cfe1f42dadd6802f91.jpg'}, {'step_number': 7, 'description': '볼에 돼지고기를 담고 만들어둔 양념장을 절반 정도만 고기에 넣고 버무려 약 10분정도 숙성시켜 주세요.돼지고기, 양념장 절반', 'image_url': 'https://recipe1.ezmember.co.kr/cache/recipe/2021/01/03/d6f7c435e8bd7a073ab512bdca7d28d21.jpg'}, {'step_number': 8, 'description': '고기가 숙성 될 동안 달궈진 팬에 식용유를 적당히 두르고 두부를 앞뒤로 노릇하게 구워주세요.\n(두부가 완전히 안 익어도 되지만 덜 익으면 부서질 수 있어요)식용유 약간, 두부', 'image_url': 'https://recipe1.ezmember.co.kr/cache/recipe/2021/01/03/44f69aa41864c93b136fced2a29ecef81.jpg'}, {'step_number': 9, 'description': '구운두부를 다른 접시에 담아 빼놓고 두부를 굽던 팬에 식용유가 없으면 좀 더 넣고 중약불에서 김치를 넣어 저어가며 볶아주세요(불이 강하면 김치 양념 때문에 김치가 타요)김치중약불', 'image_url': 'https://recipe1.ezmember.co.kr/cache/recipe/2021/01/03/0e3fc878a2b2939330e63adf4e0ebf291.jpg'}, {'step_number': 10, 'description': '김치가 어느 정도 익었으면 숙성시킨 돼지고기와 양파를 넣고 볶아주세요.돼지고기, 양파', 'image_url': 'https://recipe1.ezmember.co.kr/cache/recipe/2021/01/03/c60e017a327ee03c53bd5ed48d27b9d11.jpg'}, {'step_number': 11, 'description': '돼지고기가 반 정도 익으면 남겨 둔 양념장과 해물육수(또는 물)1컵 정도를 넣고 끓여주세요. \n물은 봐가면서 좀 더 넣으셔도 되요.양념장 절반, 해물육수 1컵 \n\n                        \n                            석하 국물다시팩 해물멸치다시팩 (16g X 10팩) 외 7종', 'image_url': 'https://recipe1.ezmember.co.kr/cache/recipe/2021/01/03/7042702f230d50c75fed0c24c6f0d7bc1.jpg'}, {'step_number': 12, 'description': '국물이 끓어오르면 구워둔 두부와 청양고추, 대파를 넣고 더 끓여주세요.두부, 청양고추, 대파', 'image_url': 'https://recipe1.ezmember.co.kr/cache/recipe/2021/01/03/49305f5539592dbccde38c47adc695fc1.jpg'}, {'step_number': 13, 'description': '국물을 졸여주세요. \n국물을 완전히 다 졸이지 말고 어느 정도 있는 상태에서 참기름 1큰술과 통깨를 약간 뿌리고 불을 꺼주세요.참기름 1큰술, 통깨 약간', 'image_url': 'https://recipe1.ezmember.co.kr/cache/recipe/2021/01/03/78086bdee1ac8ce79c54e549a43e99a91.jpg'}, {'step_number': 14, 'description': '매콤한 두부목살 두루치기 완성.', 'image_url': 'https://recipe1.ezmember.co.kr/cache/recipe/2021/01/03/2ba59c8320b65c9d1cefa6d6310749991.jpg'}, {'step_number': 15, 'description': '[연관 레시피]\n돼지고기 두루치기\n@6945440', 'image_url': 'https://recipe1.ezmember.co.kr/cache/recipe/2021/01/03/18d5ab4842137ff46218e54c7c8ca98a1.jpg'}]"
34980,메인반찬,손님접대,돼지고기,굽기,겉바속촉의 진리 크리스피 삼겹살 살면서 꼭 먹어봐야 할 맛. 식감이 미쳤어요!,크리스피삼겹살,"28,069",120분 이내,중급,4인분,"[('삼겹살', '800g'), ('시즈닝가루', '1큰술')]","크리스피한 삼겹살은 각국의 요리로 다양한대요.
저온으로 오븐에 부드럽게 굽고
마지막 껍질만 튀겨주는 방식으로 최강의 식감을 자랑합니다.
우리 돼지가 미쳤어요!!","[{'step_number': 1, 'description': '두툼하고 큼직한 삼겹살을 준비해주세요. (오겹살이면 더 좋아요)', 'image_url': 'https://recipe1.ezmember.co.kr/cache/recipe/2021/01/04/c83885cdbb7764c74c0f6a5d9fe5d7031.jpg'}, {'step_number': 2, 'description': '4cm정도의 폭으로 잘라주고 1cm 간격 껍질에 칼집을 넣어줬어요', 'image_url': 'https://recipe1.ezmember.co.kr/cache/recipe/2021/01/04/d68784ff8e7bd372330a74a5f06a235c1.jpg'}, {'step_number': 3, 'description': '껍질부분 빼고 바베큐 시즈닝 가루를 발라줬어요\n없다면 소금후추로 가능합니다!', 'image_url': 'https://recipe1.ezmember.co.kr/cache/recipe/2021/01/04/007773accd0d1effe8586810833b444a1.jpg'}, {'step_number': 4, 'description': '120도 오븐에 한시간 반정도 구워줬어요. 오븐이 없다면 에어프라이어도 가능해요오븐 , 에어프라이어', 'image_url': 'https://recipe1.ezmember.co.kr/cache/recipe/2021/01/04/5eaccad239e0651ccdf236090a70a1761.jpg'}, {'step_number': 5, 'description': '요정도 느낌의 고기가 나왔습니다. 삼겹살에서 빠진 기름을 후라이팬에 담아주세요!', 'image_url': 'https://recipe1.ezmember.co.kr/cache/recipe/2021/01/04/b3455e8e5398537f8708d0f41d4b26e41.jpg'}, {'step_number': 6, 'description': '껍질이 아래로 가게 놓고 껍질만 튀겨줄건데요. 고기에서 나온 기름이 부족하다면 식용유를 좀더 채워 튀겨주세요! 10분정도 약불에 튀기면 완성입니다.', 'image_url': 'https://recipe1.ezmember.co.kr/cache/recipe/2021/01/04/e933b70704d1fe3a0c84a219b7e9a7c41.jpg'}]"
34981,메인반찬,손님접대,돼지고기,굽기,에어프라이어 요리 훈제 통삼겹살 바베큐 만들기,훈제통삼겹살바베큐,"3,829",30분 이내,아무나,4인분,"[('통삼겹살', '1kg'), ('허브솔트', '약간')]",통삼겹 바베큐 만들어 볼께요.기름기 쫙 빠져서 너무 맛있어요.,"[{'step_number': 1, 'description': '에어프라이어 훈제삼겹살구이 만드는법 소개 해 드릴께요', 'image_url': 'https://recipe1.ezmember.co.kr/cache/recipe/2020/10/06/e2fa94783dfec975a46cede1efd5e4671.jpg'}, {'step_number': 2, 'description': '저는 한장 깔고 그 위에 삼겹살을 넣고\n허브 솔트를 적당량 뿌려 주었어요.', 'image_url': 'https://recipe1.ezmember.co.kr/cache/recipe/2020/10/06/98319f61d3f35509c52e0b2753796ae11.jpg'}, {'step_number': 3, 'description': '삼겹살을 간을 하고 에어프라이어에 넣으시고\n180도 10분 돌려 주세요.에어프라이어', 'image_url': 'https://recipe1.ezmember.co.kr/cache/recipe/2020/10/06/fa135f711f2544bd1c75271f9610df1a1.jpg'}, {'step_number': 4, 'description': '그리고 뒤집어서 180도 10분 더 돌려 주세요.\n제가 산 삼겹살이 완전 두툼하지 않아서 그런지\n요정도 시간이면 딱이더라구요.', 'image_url': 'https://recipe1.ezmember.co.kr/cache/recipe/2020/10/06/ab04da882f72c8380eca3f59ae31e1041.jpg'}, {'step_number': 5, 'description': '그럼 요런 모습이랍니다.\n겉은 바삭 바삭하고 속은 촉촉하지요.', 'image_url': 'https://recipe1.ezmember.co.kr/cache/recipe/2020/10/06/6a845492fd99e2ac3d83d119961d94f91.jpg'}, {'step_number': 6, 'description': '기름이 쏙 빠진 통삼겹살 .훈제 삼겹살 완성이네요.', 'image_url': 'https://recipe1.ezmember.co.kr/cache/recipe/2020/10/06/eddff4d848cfd700eeec26f6a376943b1.jpg'}]"
34982,메인반찬,손님접대,돼지고기,굽기,"돼지목살 에어프라이어, 스테이크처럼 있어빌리티",None,"2,989",None,None,None,"[('돼지목살', '400g'), ('간장', '5숟가락'), ('물', '5숟가락'), ('설탕', '4숟가락'), ('매실액', '2숟가락'), ('미림', '2'), ('참기름', '1숟가락'), ('후추', '톡톡'), ('대파', '1/2종이컵')]",,[]
34983,메인반찬,손님접대,돼지고기,굽기,목살스테이크 찐 맛나네,목살스테이크,"1,069",10분 이내,아무나,3인분,"[('스테이크용 이베리코 돼지고기목살', '500g'), ('새송이버섯', '1개'), ('애호박', '1/3개'), ('마늘', '4톨'), ('고추냉이', '취향껏'), ('소금', '1꼬집'), ('후추', '약간'), ('올리브오일', '1T')]","푸아그라, 트러플, 캐비어와 더불어

세계 4대 진미라 알려진 이베리코 베요타 인데요

​

이베리코는 4단계로 등급이 나누어 진다고해요

​

스페인 정부에서 

명시한 법령에 따라 엄격하게 관리 되는데요

진짜 맛있는 돼지고기

이베리코는 베요타 100% 등급 입니다

​

이베리코 베요타 100%는

자연방목으로

도토리만 먹고자란 건강한 돼지고기 입니다

스테이크로 즐겨 봅니다","[{'step_number': 1, 'description': '소금, 후추뿌리고\n올리브오일로 코팅해 두었어요', 'image_url': 'https://recipe1.ezmember.co.kr/cache/recipe/2020/05/26/93f35f7fd0e4fb1d5e07decc154256191.jpg'}, {'step_number': 2, 'description': '가니쉬부터 구워주고..', 'image_url': 'https://recipe1.ezmember.co.kr/cache/recipe/2020/05/26/ad6c6a7a5c580c20a0e42cdcca528e611.jpg'}, {'step_number': 3, 'description': '달군팬에 고기 구워요\n치익~~', 'image_url': 'https://recipe1.ezmember.co.kr/cache/recipe/2020/05/26/c3e9de7479098de6ade9715b677e71bf1.jpg'}, {'step_number': 4, 'description': '뒤집어서도 센불로 구워요\n이베리코 목살 스테이크\n완성입니다\n육즙가득\n꼬소꼬소 맛있는 이베리코 목살 \n스테이크 입니다\n찐 맛나유~~\n소스없이 고추냉이 올려서 맛나게 먹어요', 'image_url': 'https://recipe1.ezmember.co.kr/cache/recipe/2020/05/26/028109ed083cf2cfa3aedb0bdee4c2431.jpg'}]"
34984,메인반찬,손님접대,돼지고기,굽기,원팬요리 맥적,맥적,935,20분 이내,초급,3인분,"[('삽겹살', '400g'), ('대파', '2개'), ('식용유', '약간'), ('된장', '1.5스푼'), ('생강술', '1스푼'), ('다진마늘', '1스푼'), ('물', '1스푼'), ('다진파', '2스푼'), ('꿀', '2스푼'), ('깨소금', '1스푼')]","감칠맛 나는 된장 베이스로 만든 삼겹살 맥적입니다
구운 파랑 곁들어 먹으면 구수하고 짭조롬하니 핵꿀맛입니다 ㅎㅎ
중독성 끝판왕 삼겹살요리 맥적은 고소하고 담백해 은근 매력있는 맛이라 먹으면 먹을수록 그 맛에 끌려요~","[{'step_number': 1, 'description': '재료 준비해 주세요~돼지고기는 얇은거 말고 약간\n 두께가 있는 걸로 준비해 주세요~', 'image_url': 'https://recipe1.ezmember.co.kr/cache/recipe/2020/04/15/67f95a2c220d4ff772d9c65e5ec6e7061.jpg'}, {'step_number': 2, 'description': '삼겹살은 먹기 좋은 한입크기로 썰어 주세요~쿠킹망치로 두둘겨 주거나 잔칼집 내 주면 부드럽게 드실 수 있어요~', 'image_url': 'https://recipe1.ezmember.co.kr/cache/recipe/2020/04/15/e7607af536a0c416d8ed067c5a08a0dd1.jpg'}, {'step_number': 3, 'description': '양념에 넣은 대파 반개는 잘게 다져 주세요~', 'image_url': 'https://recipe1.ezmember.co.kr/cache/recipe/2020/04/15/d5be39edb0b075752858432ff2e734991.jpg'}, {'step_number': 4, 'description': '다지고 남은 나머지 파는 3~4Cm정도 길이로 썰어 \n다시 가로로 이등분해 준비해 주세요~', 'image_url': 'https://recipe1.ezmember.co.kr/cache/recipe/2020/04/15/d30abd7cc6f01c144a02c234cb5f77d31.jpg'}, {'step_number': 5, 'description': '물 1스푼 넣고 된장 넣고 잘 풀어 준 다음 \n나머지 적힌 분량의 된장양념 재료 모두 넣어 주세요~집된장은 집집마다 간이 다르니 \n된장양은 기호에 맞게 가감해 주세요~', 'image_url': 'https://recipe1.ezmember.co.kr/cache/recipe/2020/04/15/041c79ea02f4e9f60e2af88d427dfde41.jpg'}, {'step_number': 6, 'description': '골고루 섞어 된장양념을 만들어 주세요~', 'image_url': 'https://recipe1.ezmember.co.kr/cache/recipe/2020/04/15/83061e93a98f40a31f24702f7ae358391.jpg'}, {'step_number': 7, 'description': '썰은 고기에 된장양념 모두 넣어 주세요~', 'image_url': 'https://recipe1.ezmember.co.kr/cache/recipe/2020/04/15/465bd2419cec83bc2faf547ae64d32191.jpg'}, {'step_number': 8, 'description': '조물조물해 숙성되도록 냉장실에 넣어\n30분~1시간 정도 재워 두세요~', 'image_url': 'https://recipe1.ezmember.co.kr/cache/recipe/2020/04/15/f27f8b0b055d5de64d5219ea079156331.jpg'}, {'step_number': 9, 'description': '팬에 기름 약간 두르고 썰은 대파 올려 \n앞, 뒤 뒤집어 가며 살짝 구워 주세요~', 'image_url': 'https://recipe1.ezmember.co.kr/cache/recipe/2020/04/15/cb0d808effcf166a25965d198046706c1.jpg'}, {'step_number': 10, 'description': '구운 파 덜어내고 된장양념에 재운 삼겹살 올려\n앞, 뒤 뒤집어 가며 노릇 노릇하게 구워 주면 맥적 완성!', 'image_url': 'https://recipe1.ezmember.co.kr/cache/recipe/2020/04/15/9ea97243740d95761dfbd9fd684b6d3e1.jpg'}, {'step_number': 11, 'description': '구운 파 깔고 맥적 올려 줬어요~\n맥적은 돼지고기를 된장양념에 재운 뒤 구운 \n고구려 시대때 부터 내려온 우리 전통음식입니다', 'image_url': 'https://recipe1.ezmember.co.kr/cache/recipe/2020/04/15/476a656b28c92dfb051c1fa6866baa0b1.jpg'}]"
34985,메인반찬,손님접대,돼지고기,굽기,짭조름한 된장 양념과 두툼한 목살의 조화가 잘 어울리는 돼지맥적구이,돼지맥적구이,"1,251",30분 이내,아무나,3인분,"[('돼지고기 목살', '600g'), ('영양 부추', '1줌'), ('당근', '1/4개'), ('양파', '1/4개'), ('통깨', '약간'), ('식용유', '2큰술'), ('된장', '1.5큰술'), ('간장', '1큰술'), ('올리고당', '2큰술'), ('맛술', '2큰술'), ('설탕', '1/2큰술'), ('다진마늘', '1큰술'), ('생강가루', '1/3큰술'), ('후추', '약간'), ('간장', '1/2큰술'), ('설탕', '1/2큰술'), ('식초', '1/2큰술'), ('고춧가루', '1/3큰술'), ('참기름', '1/3큰술'), ('통깨', '약간')]","맥적구이는 돼지고기를 된장 양념에 재운 뒤 구워 만든 우리나라 옛날 고구려 전통 요리입니다. 
맥적의 적은 꼬챙이에 꿰어 구운 고기를 의미하기도 하지요. 
현대에서는 돼지고기 목살 부위에 된장 양념을 합니다. 
짭조름한 된장 양념과 두툼한 목살의 조화가 잘 어울리는 돼지맥적구이를 만들어 볼게요.
여기에 부추무침과 함께라면 입안이 더욱 행복해진답니다.","[{'step_number': 1, 'description': '먼저 재료를 준비해주세요.\n목살은 약 500~600g 정도로 준비하시면 됩니다.', 'image_url': 'https://recipe1.ezmember.co.kr/cache/recipe/2021/07/02/494dc483de7153d0fe5cbf60a6181da01.jpg'}, {'step_number': 2, 'description': '돼지고기 목살은 앞뒷면을 칼등으로 두드려 고기를 약간 연하게 해주세요.', 'image_url': 'https://recipe1.ezmember.co.kr/cache/recipe/2021/07/02/60a611d68b117d168b75202d2d53741e1.jpg'}, {'step_number': 3, 'description': '볼에 된장 양념소스 재료인 된장 1.5큰술, 간장 1큰술, 올리고당 2큰술, 맛술 2큰술, 설탕 1/2큰술, 다진마늘 1큰술, 생강가루 1/3큰술, 후추 약간을 넣고 잘 섞어주세요.된장 1.5큰술, 간장 1큰술, 올리고당 2큰술, 맛술 2큰술, 설탕 1/2큰술, 다진마늘 1큰술, 생강가루 1/3큰술, 후추 약간', 'image_url': 'https://recipe1.ezmember.co.kr/cache/recipe/2021/07/02/59b397f07ddb486145d135d3f3893d771.jpg'}, {'step_number': 4, 'description': '돼지고기를 된장 양념소스에 버무린 후 약 20분 정도 재워주세요.', 'image_url': 'https://recipe1.ezmember.co.kr/cache/recipe/2021/07/02/325da08ab75387a117f50d9bac61cd881.jpg'}, {'step_number': 5, 'description': '돼지가 자고 있는 동안 야채를 손질해주세요. \n양파는 가늘게 채 썰어 찬 물에 10분 정도 담가 아린 맛을 제거하고, 당근은 필러로 껍질을 제거한 후 가늘게 채 썰고, 부추는 약 5Cm길이로 썰어주세요.', 'image_url': 'https://recipe1.ezmember.co.kr/cache/recipe/2021/07/02/2bb5a76e97ef8432bb257d592e3b2f901.jpg'}, {'step_number': 6, 'description': '볼에 부추무침소스를 넣어주세요. \n간장 1/2큰술, 설탕 1/2큰술, 식초 1/2큰술, 고춧가루 1/3큰술, 참기름 1/3큰술, 통깨 약간을 넣고 잘 섞어주세요.간장 1/2큰술, 설탕 1/2큰술, 식초 1/2큰술, 고춧가루 1/3큰술, 참기름 1/3큰술, 통깨 약간', 'image_url': 'https://recipe1.ezmember.co.kr/cache/recipe/2021/07/02/cfde99ad7f572a2477908c8f40576be21.jpg'}, {'step_number': 7, 'description': '부추무침 소스에 당근, 양파, 부추를 넣고 조물조물 버무려주세요.당근, 양파, 부추', 'image_url': 'https://recipe1.ezmember.co.kr/cache/recipe/2021/07/02/c0a8ca9ffaeb8dc795726fac725ab2f51.jpg'}, {'step_number': 8, 'description': '달군 팬에 식용유 2큰술을 넣고 재워둔 고기를 올려 구워주세요.', 'image_url': 'https://recipe1.ezmember.co.kr/cache/recipe/2021/07/02/92b4c23cb9cfe5de2b4f96a071fe85c61.jpg'}, {'step_number': 9, 'description': '고기를 다 익히지 말고 겉면이 살짝 익으면 바로 뒤집어서 구워주세요.', 'image_url': 'https://recipe1.ezmember.co.kr/cache/recipe/2021/07/02/b6a0abc6fedd9de7e0bc1d5e559c8f521.jpg'}, {'step_number': 10, 'description': '뒤집었으면 중약불로 줄인 후 속까지 은근히 골고루 익혀주세요.불이 강하면 고기가 타요.', 'image_url': 'https://recipe1.ezmember.co.kr/cache/recipe/2021/07/02/26e6d9d4c3782432c9eeb0990e30bc401.jpg'}, {'step_number': 11, 'description': '고기가 어느 정도 익었으면 가위로 먹기 좋게 커팅해주세요.', 'image_url': 'https://recipe1.ezmember.co.kr/cache/recipe/2021/07/02/846940984ebeb5459784ecb5cf81ede21.jpg'}, {'step_number': 12, 'description': '접시에 덜어내고 한 쪽에는 만들어둔 부추무침을 함께 담아내면 짭조름한 된장 양념과 두툼한 목살의 조화가 잘 어울리는 돼지맥적구이 완성.', 'image_url': 'https://recipe1.ezmember.co.kr/cache/recipe/2021/07/02/2ce7b068d5fe3c63e7f8099dc2f211961.jpg'}, {'step_number': 13, 'description': '[연관 레시피]\n향과 식감을 모두 갖춘 동파육\n@6959863 \n양념소스가 맛있는 고추장 삼겹살구이\n@6956563 \n된장양념을 발라 숙성시켜 만든 된장 삼겹살 구이\n@6952738', 'image_url': 'https://recipe1.ezmember.co.kr/cache/recipe/2021/07/02/10b70268097f939b9e0af1332aa3b9731.jpg'}]"
34986,메인반찬,손님접대,돼지고기,굽기,와인삼겹살 만들기! 촉촉함이 대박! 감동의 눈물이 좌르륵,와인삼겹살,"3,581",60분 이내,초급,1인분,"[('수육용 통삼겹살', '350g'), ('레드와인', '50ml'), ('맛술                                                                                또는 미림', '100ml'), ('간장', '3T'), ('물엿', '1.5T'), ('통마늘', '10알'), ('양송이버섯', '4개'), ('양파', '1개'), ('방울토마토', '3-4개'), ('파채', '1주먹'), ('설탕', '1T'), ('간장', '0.5T'), ('식초', '1T'), ('참기름', '적당량'), ('통깨', '적당량')]","더운 여름 여러분들은 어떤 음식으로 몸보신하시나요!? 
뭐니뭐니해도 삼겹살만큼 맛있는게 없을 것 같은데요 통삼겹을 와인 양념에 졸여, 특별한 삼겹요리를 만들어봤어요 같은 수육요리인데 맛은 천지차이, 파채무침까지 곁들이니 동서양의 맛이 둘다 느껴지는 것 같고, 맥주안주로도 금상첨화였습니다","[{'step_number': 1, 'description': '통삼겹은 키친타올로 가볍게 핏기를 제거하고 살이 있는 부분에 살짝 칼집을 내주세요', 'image_url': 'https://recipe1.ezmember.co.kr/cache/recipe/2021/07/19/e841d979e0bd0f9295cfcdcaa636f51f1.jpg'}, {'step_number': 2, 'description': '파채는 아린맛 제거를 위해 찬물에 잠시 담가둡니다', 'image_url': 'https://recipe1.ezmember.co.kr/cache/recipe/2021/07/19/67d44110ffda0048e3560b1b0e3199621.jpg'}, {'step_number': 3, 'description': '양송이 4개는 4등분하여 손질하고', 'image_url': 'https://recipe1.ezmember.co.kr/cache/recipe/2021/07/19/ddf927e88883f4198b7a0b2fbdb51a6c1.jpg'}, {'step_number': 4, 'description': '방울토마토는 꼭지를 떼어내고 \n십자모양으로 칼집을 내주세요', 'image_url': 'https://recipe1.ezmember.co.kr/cache/recipe/2021/07/19/836e8bb38b0f7168f3e354436cbf012b1.jpg'}, {'step_number': 5, 'description': '양파는 두껍게 썰어준비합니다', 'image_url': 'https://recipe1.ezmember.co.kr/cache/recipe/2021/07/19/973c4cb2adebbf766cfa1f63cf3ad6091.jpg'}, {'step_number': 6, 'description': '통삼겹은 에어프라이어에서 방향을 돌려가며 180도에서 5분씩 3번 총 15분을 구워줍니다에어프라이어겉면만 바삭하게 익힌다는 느낌으로 구워주면 됩니다 에어프라이어마다 사양이 다르니 온도 조절해주세요', 'image_url': 'https://recipe1.ezmember.co.kr/cache/recipe/2021/07/19/3ecb868330eaea883b8e9080729e5f1b1.jpg'}, {'step_number': 7, 'description': '마지막 5분 돌릴 땐 양파와 방울토마토도 넣고 함께 돌려주세요', 'image_url': 'https://recipe1.ezmember.co.kr/cache/recipe/2021/07/19/76aa61ca1334185d5b14eba5eaf608081.jpg'}, {'step_number': 8, 'description': '그사이 레드와인 50ml, 맛술 100ml, 간장 3T, 물엿1.5T를 넣고 잘 섞어 와인양념을 만들고', 'image_url': 'https://recipe1.ezmember.co.kr/cache/recipe/2021/07/19/4b93c70a97eea64ff370eccffed2aeac1.jpg'}, {'step_number': 9, 'description': '파채에 설탕 1 스푼, 간장 0.5 스푼,\n식초 1스푼, 참기름 적당량, 통깨 적당량 넣고 파채무침을 만들어줍니다.삼겹살에 파채무침을 곁들이면 느끼함도 잡아주고 훨씬 맛있어요', 'image_url': 'https://recipe1.ezmember.co.kr/cache/recipe/2021/07/19/003ebd8806dabd999f6a7e8dd0cf392c1.jpg'}, {'step_number': 10, 'description': '15분간 에어프라이어에서 구운 삼겹은 반으로 잘라주고', 'image_url': 'https://recipe1.ezmember.co.kr/cache/recipe/2021/07/19/893c1b19f14a30f8c0bdac249e2205141.jpg'}, {'step_number': 11, 'description': '나머지 야채들은 3분정도 더 익혀주세요', 'image_url': 'https://recipe1.ezmember.co.kr/cache/recipe/2021/07/19/8e30e319ad758e8a08f10d9a8a6f8a6f1.jpg'}, {'step_number': 12, 'description': '깊은 웍에 와인양념을 붓고 끓이다가 \n삼겹을 넣어 이리저리 뒤집어가며 졸여줍니다국자로 와인양념을 여러번 적셔주면 잘 배어들어요', 'image_url': 'https://recipe1.ezmember.co.kr/cache/recipe/2021/07/19/0e2c0feffcbcc0294115c7a830a148df1.jpg'}, {'step_number': 13, 'description': '와인양념이 살짝 졸아들기 시작하면 \n마늘을 넣어 함께 익혀주고', 'image_url': 'https://recipe1.ezmember.co.kr/cache/recipe/2021/07/19/dbdf7fc4624bd0bc392920a0c98d24771.jpg'}, {'step_number': 14, 'description': '비교적 빨리 익는 양송이는 나중에 넣어주세요', 'image_url': 'https://recipe1.ezmember.co.kr/cache/recipe/2021/07/19/eda699dfa25e2c9203a01c421996a1b91.jpg'}, {'step_number': 15, 'description': '국물이 꾸덕꾸덕해지는 시점이 되면 \n고기는 건져내고 마늘과 버섯을 좀 더 익혀줍니다', 'image_url': 'https://recipe1.ezmember.co.kr/cache/recipe/2021/07/19/a49563ba43e8d351552050c78ef155361.jpg'}, {'step_number': 16, 'description': '삼겹을 먹기 좋은 크기로 썰어주세요', 'image_url': 'https://recipe1.ezmember.co.kr/cache/recipe/2021/07/19/535a7b5770cc83410df24cac800507e41.jpg'}, {'step_number': 17, 'description': '남은 와인양념을 소스 처럼 부어서 플레이팅해주세요', 'image_url': 'https://recipe1.ezmember.co.kr/cache/recipe/2021/07/19/9b6f67f4104b6610c948fc3dfc4ab1fd1.jpg'}, {'step_number': 18, 'description': '구운 야채와 파채무침까지 곁들이면 \n와인삼겹살 완성!', 'image_url': 'https://recipe1.ezmember.co.kr/cache/recipe/2021/07/19/cc997af322b922b501bc2434487b29791.jpg'}]"
34987,메인반찬,손님접대,돼지고기,굽기,카레가루 소스 생삼겹살찜 구이 아스파라거스 구이,생삼겹살찜,305,None,None,None,"[('삼겹살', '2줄'), ('카레가루', '적당량'), ('아스파라거스', '4개')]",장마 뒤끝이라 상추가 금치로 둔갑한 요즘 쌈채소 없이 개운하게 삼겹살 먹는 방법 소개합니다. 너무 간단해서 민망하지만 삼겹살에 살짝 예민하신 분들도 반할 그런 레시피 입니다.,"[{'step_number': 1, 'description': '재료 너무 간단해서 놀라셨나요? 카레 가루는 집에 있는거 편하게 드세요. 더운 여름 집밥은 무조건 재료 간단하고 만들기 간단하고 치우기 간단해야 하는거 같아요.', 'image_url': 'https://recipe1.ezmember.co.kr/cache/recipe/2023/08/30/64029f5f2686a6ddb258caca418f556e1.jpg'}, {'step_number': 2, 'description': '삼겹살은 찜기에 올리고 뚜껑닫고 쪄줍니다. 싱싱한 삼겹살은 다른 간 안해도 누린내가 나지 않더라고요. 7~10분 사이쯤으로 익혀 주세요. 고기의 두께에 따라 시간은 달라 질수 있어요.조금더 고급진 맛을 유지하기 위해서 대파,양파,마늘 정도 삼겹살 위에 올려 쪄주셔도 좋아요.', 'image_url': 'https://recipe1.ezmember.co.kr/cache/recipe/2023/08/30/3f6152e9732edcb89de3d3ee9bf2f82f1.jpg'}, {'step_number': 3, 'description': '찜으로 속은 거의 다 익고 중강불에서 3~5분만 바짝 익혀 줍니다.', 'image_url': 'https://recipe1.ezmember.co.kr/cache/recipe/2023/08/30/9c55d9529bb596eb90d5c60f88bafda01.gif'}, {'step_number': 4, 'description': '찜기에 익는 동안 아스파라거스를 손질합니다. 필러로 줄기 아래부분의 껍질을 벗겨 질긴 식감을 없애주고요아스파라거스 손질법 레시피', 'image_url': 'https://recipe1.ezmember.co.kr/cache/recipe/2023/08/30/e0223c40d105ca3ef3f732df3d2ed52f1.jpg'}, {'step_number': 5, 'description': '뿌리쪽 거칠거나 마른 부분만 제거해 주세요.', 'image_url': 'https://recipe1.ezmember.co.kr/cache/recipe/2023/08/30/40a207412d61857cb32306a5d9d1e2441.jpg'}, {'step_number': 6, 'description': '80~90%익은 상태이기 때문에 중강불로 앞뒤 노릇하게 익혀 주면 됩니다. 팬에 손질한 아스파라거스도 넣고 같이 구워 줍니다.', 'image_url': 'https://recipe1.ezmember.co.kr/cache/recipe/2023/08/30/686d6e06552a1397486ab47135cb2c871.jpg'}, {'step_number': 7, 'description': '겉은 바삭하고 안은 촉촉하고 찜기에서 한번 기름을 빼서 더 담백하고 고소합니다. 팬에 굽는 시간이 단축되어 집에서 구울때 온집안 냄새 풍기는게 덜해서 좋아요.', 'image_url': 'https://recipe1.ezmember.co.kr/cache/recipe/2023/08/30/493445e43e2c594eb8a643f37854f6b31.jpg'}, {'step_number': 8, 'description': '면역력에 좋은 아스파라거스와 함께 먹으면 여름 더위도 잘 이겨 낼 수 있을 것 같아요. 초록초록 색도 예쁩니다.', 'image_url': 'https://recipe1.ezmember.co.kr/cache/recipe/2023/08/30/2f475c22156781c6c958c567472da2f91.jpg'}]"
34988,메인반찬,손님접대,돼지고기,굽기,에어프라이어 통삼겹살 구이,통삼겹살구이,541,90분 이내,초급,4인분,"[('통삼겹살', '714g'), ('통마늘', '6개'), ('양파', '1/2개'), ('소세지', '2개'), ('애호박', '1/4개'), ('새송이버섯', '1개'), ('올리브유', '1T'), ('허브솔트', ''), ('후추', ''), ('파슬리가루', '조금')]","통삼겹살 구이는 기름은 쫙 빼고 육즙은 그대로,담백하고 겉바속촉 으로 모두가 만족하는 메뉴예요. 술안주로도 좋아요.","[{'step_number': 1, 'description': '통삼겹살은 키친 타월로 핏기를 제거합니다.키친타올', 'image_url': 'https://recipe1.ezmember.co.kr/cache/recipe/2024/01/04/f64441ea68f91bb6ab3fdec5d4b34b541.jpg'}, {'step_number': 2, 'description': '핏물 제거 후 앞,뒤로 사선으로 칼집을 격자 무늬로 내어줍니다.칼집을 내면 속까 지 골고루 잘 익고 보기도 좋아요.도마 , 조리용나이프', 'image_url': 'https://recipe1.ezmember.co.kr/cache/recipe/2024/01/04/2dbf6a189fbb559f58f08cb65a18e0de1.jpg'}, {'step_number': 3, 'description': '시간도 단축됩니다. 길이가 너무 긴통삼겹살은 에어프라이어 길이에 맞게 잘라줍니다.', 'image_url': 'https://recipe1.ezmember.co.kr/cache/recipe/2024/01/04/f1667c2b1b6085732670f7ba4c1361b01.jpg'}, {'step_number': 4, 'description': '칼집낸 통삼겹살에 소금, 후추,파슬리가루,올리브유를 앞,뒤로 적당량 뿌려 골고루 꼼꼼하게 문질러줍니다.', 'image_url': 'https://recipe1.ezmember.co.kr/cache/recipe/2024/01/04/7ab372a9e82d282d96bb920c4f47f69a1.jpg'}, {'step_number': 5, 'description': '올리브유를 바르면 육즙을 잡아주는 효과가 있어요.', 'image_url': 'https://recipe1.ezmember.co.kr/cache/recipe/2024/01/04/535249808a16e9e8ea59f331bc5e1c411.jpg'}, {'step_number': 6, 'description': '밑간한 통삼겹살은 랩을 씌워 냉장고에 30분 이상 재워 숙성시킵니다.적당히 간이 배어서 더 고소합니다.접시 , 랩', 'image_url': 'https://recipe1.ezmember.co.kr/cache/recipe/2024/01/04/be18508fc6a5963111fb7ad610c17b181.jpg'}, {'step_number': 7, 'description': '고기를 재울 동안 야채 손질을 해둡니다.양파,애호박은 둥글게 썰고 마늘,버섯은 통으로 소세지는 사선으로 칼집을 내줍 니다.야채는 자투리 야채를 취향껏 활용합니다.도마 , 조리용나이프', 'image_url': 'https://recipe1.ezmember.co.kr/cache/recipe/2024/01/04/1655938a6338ec62da75a4f2ad2caeb51.jpg'}, {'step_number': 8, 'description': '에어프라이어 바스켓에 종이호일 깔고 재워둔 통삼겹살 1차로 200도에 20분 돌려줍니다종이호일', 'image_url': 'https://recipe1.ezmember.co.kr/cache/recipe/2024/01/04/db9bc8706f62f721fe6025a70ce419ae1.jpg'}, {'step_number': 9, 'description': '뒤집어서 180도 15분 돌려줍니다.에어프라이어', 'image_url': 'https://recipe1.ezmember.co.kr/cache/recipe/2024/01/04/f048fbcdf939bae3e14667d9b3d237131.jpg'}, {'step_number': 10, 'description': '또 뒤집어서 180도10분 돌려줍니다.마지막 10분 더 구울때 비닐팩에 야채 넣고 올리브유1T 넣고 조물조물 오일코팅 후 구워요.요리집게 , 비닐백', 'image_url': 'https://recipe1.ezmember.co.kr/cache/recipe/2024/01/04/02047ddb948e71d08252f8e5193f81001.jpg'}, {'step_number': 11, 'description': '겉바속촉 에어프라이어 통삼겹살 구이가 됐어요.익힘 은 젓가락으로 찔러보아요. 고기를 꺼내 5분 정도 그대로 둔 후 썰어줍니다.그래야 육즙 이 도망가지 않아요.', 'image_url': 'https://recipe1.ezmember.co.kr/cache/recipe/2024/01/04/293e7399f56066d487a672beac34bb391.jpg'}, {'step_number': 12, 'description': '통삼겹살은 먹기 좋은 크기로 잘라 구운 야채와 함께 그릇에 예쁘게 플레이팅해요.완성접시', 'image_url': 'https://recipe1.ezmember.co.kr/cache/recipe/2024/01/04/59e90f8d6e92b8f33c1b4423ec1c89851.jpg'}, {'step_number': 13, 'description': '콩가루와 김치 시즈닝 같이 곁들려 놓았어요.', 'image_url': 'https://recipe1.ezmember.co.kr/cache/recipe/2024/01/04/4d07be4963d5009569230771f4c802561.jpg'}, {'step_number': 14, 'description': '콩가루에 찍어 먹으면 고소함과 풍미가 더하고 김치 시즈닝은 더 담백하고 감칠맛이납니다.', 'image_url': 'https://recipe1.ezmember.co.kr/cache/recipe/2024/01/04/933c2d5ac23474e1d276750ef7bec1fc1.jpg'}]"
34989,메인반찬,손님접대,돼지고기,굽기,고추장 삼겹살 양념구이 삼겹살구이 만들기,고추장삼겹살구이,"1,665",30분 이내,초급,2인분,"[('삼겹살', '400g'), ('다진 잣', '1큰술'), ('다진마늘', '1큰술'), ('다진생강', '1작은술'), ('후추', '톡톡'), ('물엿', '2큰술'), ('진간장', '1큰술'), ('맛술', '2큰술'), ('발사믹식초', '2큰술'), ('굴소스', '1큰술'), ('케찹', '2큰술'), ('참깨', '1큰술')]",도톰한 삼겹살에 양념소스 발라서 구우면 너무 맛있어요. 손님초대요리로도 손색 없지요.,"[{'step_number': 1, 'description': '껍질까지 붙은 오겹살 준비했어요. 고기 두께는 1센치 정도로 좀 두툼한게 좋아요.', 'image_url': 'https://recipe1.ezmember.co.kr/cache/recipe/2024/02/16/e49165f51a98fc681309300238b54a7f1.jpg'}, {'step_number': 2, 'description': '굽기 편하게 한 번 잘라주었어요. 15센치 정도입니다.조리용나이프', 'image_url': 'https://recipe1.ezmember.co.kr/cache/recipe/2024/02/16/410a9275d30ea7ea32c6e178ed1a71f91.jpg'}, {'step_number': 3, 'description': '잣은 칼등으로 누른 후 잘게 다져주세요.도마', 'image_url': 'https://recipe1.ezmember.co.kr/cache/recipe/2024/02/16/c71bec8c4a7cd0ca6cd68a0851887a1b1.jpg'}, {'step_number': 4, 'description': '볼에 다진마늘 1큰술, 다진생강 1작은술, 후추 톡톡, 물엿 2큰술, 진간장 1큰술, 맛술 2큰술, 발사믹식초 2큰술, 굴소스 1큰술, 케찹 2큰술, 참깨 1큰술 넣고 잘 섞어주세요. 발사믹식초 대신 식초 2큰술 넣으셔도 좋아요.유리볼 , 조리용스푼', 'image_url': 'https://recipe1.ezmember.co.kr/cache/recipe/2024/02/16/32c718005bd65101d88a52f25b3842ba1.jpg'}, {'step_number': 5, 'description': '중불에서 후라이팬을 따끈하게 예열한 후 고기를 넣고 앞뒤로 노릇노릇하게 구워주세요. 기름 넣지 않아도 삼겹살에서 기름이 충분히 나온답니다.프라이팬중불', 'image_url': 'https://recipe1.ezmember.co.kr/cache/recipe/2024/02/16/2920d795d622a233eecb3de34b6cdd2c1.jpg'}, {'step_number': 6, 'description': '중약불로 줄인 후 양념장 바르고 뒤집은 후 다시 양념장 발라주세요. 숟가락으로 조금씩 떠넣고 쓱쓱 바르면 되어요.조리용브러쉬중약불', 'image_url': 'https://recipe1.ezmember.co.kr/cache/recipe/2024/02/16/f12ef63bfeefe11a31a2a04542216e9e1.jpg'}, {'step_number': 7, 'description': '문질문질 하면서 소스가 졸아들도록 두어번 뒤집으며 구워주시면 됩니다. 이미 익은 고기라 살짝만 더 구우면 되어요.조리용젓가락', 'image_url': 'https://recipe1.ezmember.co.kr/cache/recipe/2024/02/16/bcee520e8b118218054e75642f1a11f71.jpg'}, {'step_number': 8, 'description': '접시에 담고 잣 가루를 솔솔 뿌려주세요.접시', 'image_url': 'https://recipe1.ezmember.co.kr/cache/recipe/2024/02/16/47360663ace80fc5083971582fd310bb1.jpg'}, {'step_number': 9, 'description': '한입 크기로 잘라서 맛있게 드세요. 고기 잡내 하나도 안나고 너무너무 맛있답니다.', 'image_url': 'https://recipe1.ezmember.co.kr/cache/recipe/2024/02/16/69c0794b29246619a21890403709c39a1.jpg'}]"
34990,메인반찬,손님접대,돼지고기,굽기,등갈비 강정 만들기 오븐으로 간단한 매콤 등갈비 요리,등갈비강정,578,60분 이내,초급,2인분,"[('등갈비', '600g'), ('파채', '적당량'), ('땅콩분태', '약간'), ('물', '1.5L'), ('통마늘', '5개'), ('대파', '1대'), ('통후추', '10알'), ('맛술', '1T'), ('다진 마늘', '1/3T'), ('후춧가루', '약간'), ('간장', '1T'), ('물', '2T'), ('설탕', '1/2T'), ('다진 마늘', '1/3T'), ('고추장', '1/2T'), ('굴소스', '1/2T'), ('맛술', '1T'), ('올리고당', '1/2T'), ('생강가루', '1/3t'), ('후춧가루', '약간')]",등갈비를 삶아내어 잡내를 제거해 준 후 오븐에 노릇하게 구워내 양념에 버무려준 요리입니다 달콤 매콤 짭조름한 등갈비 강정 밥이랑 먹기에도 좋구요 술안주로도 너무 좋을 것 같아요,"[{'step_number': 1, 'description': '등갈비는 물에 두 시간 정도 담가 핏물을 빼서 준비해 주세요시간이 부족하다면 설탕 한두 스푼을 넣고 삼십분 정도 담갔다가 사용하세요', 'image_url': 'https://recipe1.ezmember.co.kr/cache/recipe/2023/08/27/ff8fd75883f7046544e76845ff9ae9541.jpg'}, {'step_number': 2, 'description': '데쳐낼 때 재료를 넣고 물이 끓으면 등갈비를 데쳐주세요 고기 겉면이 하얗게 익고 뼈에서 나온 피가 응고될 때까지 약 10~15분가량 데쳐주세요물 1.5L, 통마늘 5개, 대파 1대, 통후추 10알잡내 제거를 위해 해주는 과정이니 오랜 시간 데치지 않아도 됩니다', 'image_url': 'https://recipe1.ezmember.co.kr/cache/recipe/2023/08/27/2f09c527809d35828e80794495ad51751.jpg'}, {'step_number': 3, 'description': '삶아지는 동안 대파는 채를 썰어 찬물에 담가 매운맛을 제거해 주세요 사용하기 전에 체에 밭쳐 물기를 빼주세요', 'image_url': 'https://recipe1.ezmember.co.kr/cache/recipe/2023/08/27/168bc03752107d734059e1f9068ebd941.jpg'}, {'step_number': 4, 'description': '삶아진 고기는 흐르는 물로 씻어 물기를 제거해 준후 오븐용 트레이에 올려 준비해 주세요저는 조리시간을 단축하려 칼집을 내주었어요', 'image_url': 'https://recipe1.ezmember.co.kr/cache/recipe/2023/08/27/6db018f6b33c25fe9fd39b47ee59892f1.jpg'}, {'step_number': 5, 'description': '밑간 재료 모두 섞어준 후', 'image_url': 'https://recipe1.ezmember.co.kr/cache/recipe/2023/08/27/bd66e0e5287ba157c1aee92214e990a11.jpg'}, {'step_number': 6, 'description': '등갈비에 골고루 발라주세요', 'image_url': 'https://recipe1.ezmember.co.kr/cache/recipe/2023/08/27/7067b21ceb300189f882c5334061c68f1.jpg'}, {'step_number': 7, 'description': '오븐에서 180도 10분 구워준 후 뒤집어서 8~10분 구워주세요', 'image_url': 'https://recipe1.ezmember.co.kr/cache/recipe/2023/08/27/650d81952800a4d30b05ae9c6688c88d1.jpg'}, {'step_number': 8, 'description': '잘 구워진 등갈비', 'image_url': 'https://recipe1.ezmember.co.kr/cache/recipe/2023/08/27/01acb131192051ee6f95da6b40ffa98d1.jpg'}, {'step_number': 9, 'description': '등갈비를 볶을 웍에 양념재료를 모두 넣고 끓여주세요간장 1T, 물 2T, 설탕 1/2T, 다진 마늘 1/3T, 고추장 1/2T, 굴소스 1/2T, 맛술 1T, 올리고당 1/2T, 생강가루 1/3t, 후춧가루 약간', 'image_url': 'https://recipe1.ezmember.co.kr/cache/recipe/2023/08/27/18ec5f9866b509ff14e542274091132a1.jpg'}, {'step_number': 10, 'description': '약불로 가열해 양념이 끓으면 구워진 등갈비를 넣고 양념이 골고루 베도록 뒤적이며 살짝 볶아주세요', 'image_url': 'https://recipe1.ezmember.co.kr/cache/recipe/2023/08/27/34aa2683b3fff9c050c33850ed2fffa81.jpg'}, {'step_number': 11, 'description': '그릇에 파채를 담고 등갈비를 올린 후 땅콩분태를 올리면 완성', 'image_url': 'https://recipe1.ezmember.co.kr/cache/recipe/2023/08/27/b7c7e481f398df6b18890a6f625f81ea1.jpg'}]"
34991,메인반찬,손님접대,돼지고기,굽기,[항정살 된장구이]육즙 가득한 항정살에 구수한 된장소스가 일품,항정살된장구이,86,30분 이내,초급,3인분,"[('돼지고기 항정살', '600g'), ('양파', '1/2개'), ('대파', '1대'), ('통깨', '1꼬집'), ('들기름', '1T'), ('올리고당', '2t'), ('된장', '3T'), ('진간장', '1T'), ('생강술', '2T'), ('미림', '1T'), ('설탕', '1.5T'), ('다진마늘', '4T'), ('들기름', '1T'), ('후추', '2꼬집')]",하루종일 힘들게 일하고 지쳐 들어온 남편을 위한 저녁상 입니다. 하이볼 한잔 곁들여 하루의 피로가 싹 풀리는 간단하지만 특별한 저녁식사 가 되었주습니다.,"[{'step_number': 1, 'description': '돼지고기 항정살 을 버무릴 용기를 준비하세요밀폐용기', 'image_url': 'https://recipe1.ezmember.co.kr/cache/recipe/2024/07/11/aada1723f252d39dbdca8d0e18e37cc41.jpg'}, {'step_number': 2, 'description': '용기에 분량의 양념을 모두 넣어주세요 된장3T, 진간장1T, 생강술2T, 미림1T, 설탕1.5T, 다진마늘4T, 들기름1T, 후추조금 입니다.생강술 대신 청주로 대체 가능하고, 생강파우더 또는 다진생강1T 사용하셔도 됩니다.', 'image_url': 'https://recipe1.ezmember.co.kr/cache/recipe/2024/07/11/fc073bbbe0529005b25655c2b793d29e1.jpg'}, {'step_number': 3, 'description': '양념이 준비되면 돼지고기 항정살 600g 을 용기에 넣어주세요.', 'image_url': 'https://recipe1.ezmember.co.kr/cache/recipe/2024/07/11/c14a983751f68f88520d7d351b1a2b2c1.jpg'}, {'step_number': 4, 'description': '양념이 고루 섞일 수 있도록 잘 버무려 주고 약 10분정도 둡니다.', 'image_url': 'https://recipe1.ezmember.co.kr/cache/recipe/2024/07/11/5fc9044a96c112c18c3c0397fdcc4fdd1.jpg'}, {'step_number': 5, 'description': '양파 1/2개 얇게 채썰어주세요.도마 , 조리용나이프양파는 두깨가 1mm 이상 넘지 않도록 얇게 채썰어줍니다.양파 손질법', 'image_url': 'https://recipe1.ezmember.co.kr/cache/recipe/2024/07/11/bfabd1dc9f54a21a6bba5d7f8cec08191.jpg'}, {'step_number': 6, 'description': '채썬 양파는매운맛이 없어지도록 찬물에 담궈 놓습니다.계량컵', 'image_url': 'https://recipe1.ezmember.co.kr/cache/recipe/2024/07/11/a085a7e48a8744361573b43e0827d34c1.jpg'}, {'step_number': 7, 'description': '대파1대 얇게 썰어주세요.도마 , 조리용나이프대파 손질법', 'image_url': 'https://recipe1.ezmember.co.kr/cache/recipe/2024/07/11/b8aac7a25a93506b673108383cd2e7ad1.jpg'}, {'step_number': 8, 'description': '프라이팬을 예열 후 된장양념 된 돼지고기 항정살을 넣어줍니다.프라이팬 , 요리집게중불강불에 예열할 경우 순간 고기양념이 탈 수 있으니 예열은 중불로 해주세요.', 'image_url': 'https://recipe1.ezmember.co.kr/cache/recipe/2024/07/11/ddc0423bbff2003f3183ffcd46a4d8ae1.jpg'}, {'step_number': 9, 'description': '항정살은 앞뒤 뒤집어가며 구워주고, 3/2 정도 익으면 먹기좋은 크기로 잘라줍니다.\n중약불-중불자칫 양념이 탈 수 있으니 불의 세기는 반드시 중약불-중불 로 조리 해주세요.', 'image_url': 'https://recipe1.ezmember.co.kr/cache/recipe/2024/07/11/7e08f348fe60140725fcbc9dc81ba7711.jpg'}, {'step_number': 10, 'description': '잘라준 항정살은 양념이 잘 베일 수 있도록 뒤집개를 이용해 뒤적이며 볶듯이 구워줍니다.중약불-중불집게를 이용하는 것 보다 뒤집게로 뒤적이며 볶듯이 구워주면 고기에 양념도 더 잘 베인답니다.', 'image_url': 'https://recipe1.ezmember.co.kr/cache/recipe/2024/07/11/64347166ead37166476d0391f44577fd1.jpg'}, {'step_number': 11, 'description': '항정살에 양념이 엉겨붙고 색이 노르스름 해지면 올리고당 2t 넣고, 뒤집개를 이용해 계속 뒤적이며 구워줍니다.', 'image_url': 'https://recipe1.ezmember.co.kr/cache/recipe/2024/07/11/f0acd755db9e083e6401750d740db5aa1.jpg'}, {'step_number': 12, 'description': '뒤집개로 뒤적이며 구워주면 된장양념이 고기에 잘 엉겨붙고 프라이팬 바닥에 고기기름만 남게 됩니다.', 'image_url': 'https://recipe1.ezmember.co.kr/cache/recipe/2024/07/11/d25c28467646657217379520b0ae74261.jpg'}, {'step_number': 13, 'description': '불을끄고 들기름 1T 넣어주세요.', 'image_url': 'https://recipe1.ezmember.co.kr/cache/recipe/2024/07/11/68b759e2274669151588e08c2ec3c7441.jpg'}, {'step_number': 14, 'description': '다진 대파를 넣어줍니다.', 'image_url': 'https://recipe1.ezmember.co.kr/cache/recipe/2024/07/11/a0d7a9eaea0ec82a890b5264e5007d301.jpg'}, {'step_number': 15, 'description': '들기름과 다진 대파를 잘 섞어주면 항성살 굽기는 완성입니다.\n이제 접시에 담아볼께요.', 'image_url': 'https://recipe1.ezmember.co.kr/cache/recipe/2024/07/11/6f4a4718a7b1c1fd354a8b07d0b9cce01.jpg'}, {'step_number': 16, 'description': '찬물에 담궈놓았던 채썬양파는 물기를 잘 제거하여 접시에 펼쳐주세요.채반 , 플레이팅접시', 'image_url': 'https://recipe1.ezmember.co.kr/cache/recipe/2024/07/11/804a024f89a77c8d563f4ebcc7a7d21a1.jpg'}, {'step_number': 17, 'description': '노릇하게 잘 구워진 항정살 된장구이 를 먹음직스럽게 양파 위에 잘 올려줍니다. 통깨 조금 뿌려 마무리하면 완성 입니다.', 'image_url': 'https://recipe1.ezmember.co.kr/cache/recipe/2024/07/11/561e7fba74793f714057297a5da963db1.jpg'}, {'step_number': 18, 'description': '항정살 된장구이 맛있게 드세요. 탱글탱글하고 오동통한 항정살은 저온에서 구워줬음에도 육즙을 가득 품고있구요 특유의 고소한 맛과 아삭하고 쫄깃한 식감이 정말 일품입니다.', 'image_url': 'https://recipe1.ezmember.co.kr/cache/recipe/2024/07/11/51a2e8f6800f5019c9e1dfd00f07e5c21.jpg'}]"
